-- user (20개)
insert into reading_challenge.user (birthday, created_at, deleted_at, id, modified_at, phone, created_by, modified_by,
                                    email, favorite_sub, nickname, profile_src, user_id, user_pw)
values ('1994-11-04', '2007-05-06 00:00:00.000000', null, 1, '2011-05-22 00:00:00.000000', '010-3498-6147', '17', '6',
        'kbowra0@themeforest.net', '과학', '토끼', 'https://example.com/image2.jpg', 'kkm1234', '{noop}qwer1234!'),
       ('1978-05-22', '2011-12-31 00:00:00.000000', '2015-02-04 00:00:00.000000', 2, '2013-02-23 00:00:00.000000', null,
        '8', '4', 'afiddler1@seattletimes.com', '역사', '사과', 'https://example.com/image1.jpg', 'XlA199',
        '{noop}qwer1234!'),
       ('1976-07-10', '2004-10-04 00:00:00.000000', null, 3, '2017-06-29 00:00:00.000000', null, '11', '8',
        'kglassard2@themeforest.net', '자기계발', '사과1', 'https://example.com/image2.jpg', 'dXl752', '{noop}qwer1234!'),
       ('1983-11-01', '2009-08-10 00:00:00.000000', '2007-07-07 00:00:00.000000', 4, '2009-09-28 00:00:00.000000', null,
        '4', '11', 'moreagan3@bandcamp.com', '판타지', 'apple', 'https://example.com/image1.jpg', 'dPH199',
        '{noop}qwer1234!'),
       ('1986-10-05', '2001-02-20 00:00:00.000000', null, 5, '2003-12-21 00:00:00.000000', null, '7', '13',
        'cbramelt4@biblegateway.com', '과학', '기린', 'https://example.com/image3.jpg', 'bbw800', '{noop}qwer1234!'),
       ('1976-06-29', '2006-06-27 00:00:00.000000', null, 6, '2008-05-04 00:00:00.000000', null, '15', '7',
        'rgillmor5@upenn.edu', '소설', 'rabbit', 'https://example.com/image1.jpg', 'vTw652', '{noop}qwer1234!'),
       ('1981-11-21', '2009-11-16 00:00:00.000000', null, 7, '2010-05-11 00:00:00.000000', null, '5', '6',
        'ishawell6@reverbnation.com', '판타지', 'lion', 'https://example.com/image1.jpg', 'qbB829', '{noop}qwer1234!'),
       ('1983-12-05', '2017-07-20 00:00:00.000000', null, 8, '2014-02-17 00:00:00.000000', null, '13', '14',
        'ptunesi7@vistaprint.com', '소설', 'apple2', 'https://example.com/image1.jpg', 'dFQ651', '{noop}qwer1234!'),
       ('1987-09-21', '2013-03-03 00:00:00.000000', null, 9, '2005-03-02 00:00:00.000000', '010-4553-5849', '5', '20',
        'mdesouza8@ustream.tv', '역사', '토끼3', 'https://example.com/image1.jpg', 'rvD333', '{noop}qwer1234!'),
       ('2000-02-01', '2013-08-23 00:00:00.000000', null, 10, '2016-04-27 00:00:00.000000', null, '20', '9',
        'qkieran9@google.com.br', '역사', '사과4', 'https://example.com/image1.jpg', 'dWR311', '{noop}qwer1234!'),
       ('1999-09-10', '2008-10-19 00:00:00.000000', null, 11, '2016-02-29 00:00:00.000000', null, '1', '14',
        'beakina@reuters.com', '과학', '토끼5', 'https://example.com/image1.jpg', 'CQf472', '{noop}qwer1234!'),
       ('2000-10-09', '2016-12-18 00:00:00.000000', null, 12, '2010-01-19 00:00:00.000000', null, '11', '2',
        'egallandb@bloomberg.com', '소설', '사과6', 'https://example.com/image1.jpg', 'gff634', '{noop}qwer1234!'),
       ('1993-12-09', '2010-05-20 00:00:00.000000', null, 13, '2016-10-04 00:00:00.000000', null, '20', '18',
        'cszymonc@altervista.org', '소설', 'apple8', 'https://example.com/image3.jpg', 'YXf816', '{noop}qwer1234!'),
       ('1982-09-18', '2014-04-01 00:00:00.000000', null, 14, '2019-07-23 00:00:00.000000', null, '20', '4',
        'atwinberrowd@exblog.jp', '만화', 'lion6', 'https://example.com/image3.jpg', 'yIC043', '{noop}qwer1234!'),
       ('1988-02-27', '2005-06-09 00:00:00.000000', null, 15, '2011-01-08 00:00:00.000000', null, '7', '9',
        'gstuttee@elpais.com', '판타지', '토끼9', 'https://example.com/image2.jpg', 'qeL388', '{noop}qwer1234!'),
       ('1988-04-22', '2011-03-08 00:00:00.000000', null, 16, '2002-07-18 00:00:00.000000', null, '15', '20',
        'mfultonf@canalblog.com', '역사', '토끼12', 'https://example.com/image1.jpg', 'vGj487', '{noop}qwer1234!'),
       ('1975-04-15', '2006-04-04 00:00:00.000000', null, 17, '2003-04-26 00:00:00.000000', null, '8', '8',
        'fcorradinog@telegraph.co.uk', '판타지', '기린43', 'https://example.com/image3.jpg', 'cAV807', '{noop}qwer1234!'),
       ('1974-02-21', '2001-04-08 00:00:00.000000', null, 18, '2017-06-01 00:00:00.000000', null, '9', '14',
        'fhickenh@uiuc.edu', '소설', '사과424', 'https://example.com/image2.jpg', 'AoX727', '{noop}qwer1234!'),
       ('1996-07-11', '2019-03-22 00:00:00.000000', null, 19, '2016-07-03 00:00:00.000000', null, '17', '7',
        'pzouchi@nifty.com', '자기계발', '기린231', 'https://example.com/image1.jpg', 'ypr595', '{noop}qwer1234!'),
       ('1977-10-29', '2009-04-21 00:00:00.000000', null, 20, '2010-02-28 00:00:00.000000', null, '6', '18',
        'mlouthj@exblog.jp', '자기계발', 'lion213', 'https://example.com/image1.jpg', 'yKy607', '{noop}qwer1234!');

-- 챌린지 (50개)
insert into challenge (hits, recruited_cnt, created_at, deleted_at, end_date, id, modified_at,
                       start_date, user_id, created_by, modified_by, description, intro, subject,
                       title)
values (48780, 335, '2008-11-26 00:00:00.000000', null, '2022-10-10 00:00:00.000000', 1, '2002-02-24 00:00:00.000000',
        '2005-10-02 00:00:00.000000', 6, '14', '1', '규칙2', '도전', '예술', '도서 도전'),
       (506896, 17, '2018-05-22 00:00:00.000000', null, '2022-11-30 00:00:00.000000', 2, '2015-11-18 00:00:00.000000',
        '2019-08-08 00:00:00.000000', 18, '12', '16', '도전3', '도전적', '예술', '책 소개 대회'),
       (251712, 86, '2003-02-18 00:00:00.000000', null, '2022-09-03 00:00:00.000000', 3, '2011-09-17 00:00:00.000000',
        '2002-10-11 00:00:00.000000', 3, '20', '17', '도전3', '도전', '역사', '도서 도전'),
       (606391, 363, '2005-01-25 00:00:00.000000', null, '2022-11-11 00:00:00.000000', 4, '2003-08-23 00:00:00.000000',
        '2001-10-18 00:00:00.000000', 20, '3', '5', '규칙3', '목표', '과학', '책 소개 대회'),
       (167616, 238, '2004-08-06 00:00:00.000000', null, '2022-11-07 00:00:00.000000', 5, '2015-05-18 00:00:00.000000',
        '2015-12-26 00:00:00.000000', 11, '3', '14', '도전2', '성취', '과학', '독서 이벤트'),
       (188447, 109, '2009-01-14 00:00:00.000000', null, '2022-05-09 00:00:00.000000', 6, '2015-04-16 00:00:00.000000',
        '2016-06-21 00:00:00.000000', 14, '9', '16', '규칙2', '성취', '예술', '독서 이벤트'),
       (236966, 4, '2017-08-15 00:00:00.000000', null, '2022-09-18 00:00:00.000000', 7, '2005-02-08 00:00:00.000000',
        '2018-11-04 00:00:00.000000', 19, '4', '13', '규칙1', '성공', '예술', '책 소개 대회'),
       (20568, 72, '2017-01-16 00:00:00.000000', null, '2022-07-13 00:00:00.000000', 8, '2005-08-12 00:00:00.000000',
        '2017-09-30 00:00:00.000000', 19, '5', '9', '도전3', '도전', '역사', '책 읽기 챌린지'),
       (689219, 267, '2016-10-29 00:00:00.000000', null, '2022-04-16 00:00:00.000000', 9, '2013-05-21 00:00:00.000000',
        '2009-04-15 00:00:00.000000', 9, '12', '14', '규칙1', '목표', '과학', '책 소개 대회'),
       (21266, 420, '2014-03-07 00:00:00.000000', null, '2022-11-26 00:00:00.000000', 10, '2011-07-22 00:00:00.000000',
        '2020-04-07 00:00:00.000000', 1, '11', '13', '규칙1', '도전적', '역사', '책 소개 대회'),
       (766305, 314, '2007-09-13 00:00:00.000000', null, '2022-02-24 00:00:00.000000', 11, '2017-08-25 00:00:00.000000',
        '2015-12-28 00:00:00.000000', 15, '7', '2', '규칙3', '목표', '예술', '책 소개 대회'),
       (56060, 28, '2016-06-21 00:00:00.000000', '2009-09-20 00:00:00.000000', '2022-10-03 00:00:00.000000', 12,
        '2012-04-13 00:00:00.000000', '2007-01-14 00:00:00.000000', 17, '13', '5', '도전3', '목표', '정치', '책 소개 대회'),
       (618172, 209, '2001-04-08 00:00:00.000000', '2016-11-05 00:00:00.000000', '2022-07-20 00:00:00.000000', 13,
        '2001-09-02 00:00:00.000000', '2011-02-01 00:00:00.000000', 14, '11', '14', '도전2', '성공', '역사', '책 읽기 챌린지'),
       (773894, 160, '2011-05-29 00:00:00.000000', null, '2022-02-18 00:00:00.000000', 14, '2015-07-02 00:00:00.000000',
        '2010-10-22 00:00:00.000000', 14, '1', '7', '규칙2', '도전', '소설', '책 소개 대회'),
       (956039, 477, '2018-10-17 00:00:00.000000', '2020-04-03 00:00:00.000000', '2022-08-10 00:00:00.000000', 15,
        '2020-10-31 00:00:00.000000', '2009-11-04 00:00:00.000000', 16, '7', '14', '도전3', '도전적', '과학', '책 소개 대회'),
       (491381, 338, '2012-12-15 00:00:00.000000', null, '2022-01-19 00:00:00.000000', 16, '2012-10-01 00:00:00.000000',
        '2021-05-18 00:00:00.000000', 17, '20', '14', '도전3', '도전', '역사', '독서 이벤트'),
       (115390, 443, '2014-12-13 00:00:00.000000', null, '2022-12-13 00:00:00.000000', 17, '2010-04-29 00:00:00.000000',
        '2001-07-19 00:00:00.000000', 18, '3', '8', '규칙3', '성공', '정치', '도서 도전'),
       (57519, 287, '2002-12-04 00:00:00.000000', null, '2022-07-31 00:00:00.000000', 18, '2015-11-14 00:00:00.000000',
        '2004-01-31 00:00:00.000000', 15, '15', '4', '규칙2', '성취', '과학', '도서 도전'),
       (422242, 85, '2004-05-12 00:00:00.000000', null, '2022-06-26 00:00:00.000000', 19, '2007-04-16 00:00:00.000000',
        '2022-01-27 00:00:00.000000', 2, '4', '16', '규칙3', '성취', '정치', '도서 도전'),
       (46873, 98, '2016-06-20 00:00:00.000000', null, '2022-08-08 00:00:00.000000', 20, '2010-09-29 00:00:00.000000',
        '2000-11-16 00:00:00.000000', 3, '10', '11', '규칙2', '목표', '정치', '도서 도전'),
       (741290, 98, '2012-09-08 00:00:00.000000', null, '2022-02-06 00:00:00.000000', 21, '2017-04-22 00:00:00.000000',
        '2021-11-20 00:00:00.000000', 10, '3', '11', '도전1', '성취', '소설', '도서 도전'),
       (260186, 45, '2008-06-03 00:00:00.000000', null, '2022-12-10 00:00:00.000000', 22, '2007-10-17 00:00:00.000000',
        '2011-11-16 00:00:00.000000', 3, '2', '10', '도전3', '도전적', '정치', '책 소개 대회'),
       (873606, 40, '2015-10-28 00:00:00.000000', null, '2022-04-14 00:00:00.000000', 23, '2020-04-04 00:00:00.000000',
        '2020-02-12 00:00:00.000000', 7, '2', '15', '도전1', '목표', '역사', '도서 도전'),
       (832257, 312, '2002-07-27 00:00:00.000000', null, '2022-02-26 00:00:00.000000', 24, '2006-06-28 00:00:00.000000',
        '2011-10-30 00:00:00.000000', 7, '9', '13', '규칙3', '성취', '역사', '독서 이벤트'),
       (496325, 279, '2001-05-10 00:00:00.000000', null, '2022-06-18 00:00:00.000000', 25, '2013-05-28 00:00:00.000000',
        '2021-03-22 00:00:00.000000', 16, '13', '14', '도전3', '도전', '예술', '도서 도전'),
       (114618, 127, '2004-09-19 00:00:00.000000', null, '2022-04-01 00:00:00.000000', 26, '2010-09-04 00:00:00.000000',
        '2006-02-14 00:00:00.000000', 4, '5', '16', '규칙1', '목표', '소설', '독서 이벤트'),
       (559839, 367, '2015-11-28 00:00:00.000000', null, '2022-08-13 00:00:00.000000', 27, '2016-03-15 00:00:00.000000',
        '2018-02-15 00:00:00.000000', 3, '11', '2', '규칙1', '성취', '예술', '도서 도전'),
       (416277, 367, '2011-11-03 00:00:00.000000', null, '2022-10-26 00:00:00.000000', 28, '2010-03-05 00:00:00.000000',
        '2007-12-31 00:00:00.000000', 17, '8', '13', '도전3', '도전', '예술', '책 읽기 챌린지'),
       (140152, 72, '2014-08-22 00:00:00.000000', null, '2022-07-03 00:00:00.000000', 29, '2017-02-26 00:00:00.000000',
        '2017-12-31 00:00:00.000000', 1, '19', '10', '도전2', '목표', '역사', '책 읽기 챌린지'),
       (718786, 252, '2001-11-11 00:00:00.000000', null, '2022-02-06 00:00:00.000000', 30, '2020-11-26 00:00:00.000000',
        '2019-07-16 00:00:00.000000', 3, '1', '9', '규칙2', '목표', '예술', '도서 도전'),
       (551318, 361, '2018-05-27 00:00:00.000000', null, '2022-01-19 00:00:00.000000', 31, '2020-03-19 00:00:00.000000',
        '2004-12-07 00:00:00.000000', 2, '2', '16', '규칙1', '성공', '과학', '독서 이벤트'),
       (898865, 185, '2020-09-19 00:00:00.000000', null, '2022-02-24 00:00:00.000000', 32, '2015-05-22 00:00:00.000000',
        '2007-04-19 00:00:00.000000', 14, '4', '10', '규칙3', '목표', '소설', '독서 이벤트'),
       (154109, 58, '2009-02-12 00:00:00.000000', null, '2022-02-08 00:00:00.000000', 33, '2010-06-14 00:00:00.000000',
        '2003-09-09 00:00:00.000000', 18, '13', '10', '규칙1', '도전적', '과학', '독서 이벤트'),
       (506976, 88, '2004-03-08 00:00:00.000000', '2018-11-09 00:00:00.000000', '2022-08-24 00:00:00.000000', 34,
        '2006-08-29 00:00:00.000000', '2017-12-22 00:00:00.000000', 8, '1', '19', '도전1', '성취', '과학', '도서 도전'),
       (14841, 4, '2001-03-22 00:00:00.000000', null, '2022-04-20 00:00:00.000000', 35, '2018-05-03 00:00:00.000000',
        '2015-06-18 00:00:00.000000', 14, '13', '4', '규칙3', '도전', '예술', '도서 도전'),
       (486537, 494, '2005-03-22 00:00:00.000000', null, '2022-10-04 00:00:00.000000', 36, '2014-12-21 00:00:00.000000',
        '2007-03-09 00:00:00.000000', 2, '19', '5', '도전1', '도전적', '정치', '독서 이벤트'),
       (178901, 415, '2010-12-31 00:00:00.000000', null, '2022-03-26 00:00:00.000000', 37, '2020-11-13 00:00:00.000000',
        '2017-11-27 00:00:00.000000', 20, '16', '1', '도전2', '도전', '과학', '도서 도전'),
       (107495, 446, '2010-05-10 00:00:00.000000', null, '2022-05-22 00:00:00.000000', 38, '2014-07-17 00:00:00.000000',
        '2002-08-27 00:00:00.000000', 15, '4', '9', '규칙2', '도전', '역사', '책 읽기 챌린지'),
       (968597, 463, '2010-01-29 00:00:00.000000', '2011-04-09 00:00:00.000000', '2022-07-29 00:00:00.000000', 39,
        '2009-02-21 00:00:00.000000', '2019-05-09 00:00:00.000000', 8, '2', '6', '도전1', '성취', '예술', '책 읽기 챌린지'),
       (166892, 331, '2012-10-07 00:00:00.000000', '2009-02-23 00:00:00.000000', '2022-10-06 00:00:00.000000', 40,
        '2014-05-01 00:00:00.000000', '2021-12-29 00:00:00.000000', 3, '12', '11', '규칙1', '도전', '과학', '도서 도전'),
       (647314, 464, '2019-07-30 00:00:00.000000', '2010-03-01 00:00:00.000000', '2022-04-16 00:00:00.000000', 41,
        '2013-01-15 00:00:00.000000', '2013-02-26 00:00:00.000000', 1, '5', '10', '규칙3', '성취', '정치', '독서 이벤트'),
       (564650, 64, '2005-04-10 00:00:00.000000', '2006-09-07 00:00:00.000000', '2022-10-22 00:00:00.000000', 42,
        '2012-03-25 00:00:00.000000', '2007-06-20 00:00:00.000000', 14, '9', '11', '도전3', '목표', '과학', '독서 이벤트'),
       (746601, 210, '2001-08-26 00:00:00.000000', null, '2022-05-25 00:00:00.000000', 43, '2004-11-08 00:00:00.000000',
        '2001-10-24 00:00:00.000000', 16, '19', '15', '도전3', '도전적', '소설', '책 읽기 챌린지'),
       (578690, 297, '2011-09-15 00:00:00.000000', '2015-04-14 00:00:00.000000', '2022-08-11 00:00:00.000000', 44,
        '2017-10-21 00:00:00.000000', '2013-01-10 00:00:00.000000', 11, '6', '10', '규칙2', '성공', '소설', '도서 도전'),
       (336772, 482, '2015-03-11 00:00:00.000000', null, '2022-02-22 00:00:00.000000', 45, '2005-09-27 00:00:00.000000',
        '2010-08-07 00:00:00.000000', 20, '3', '12', '도전2', '성공', '역사', '도서 도전'),
       (566702, 392, '2006-01-24 00:00:00.000000', '2020-01-31 00:00:00.000000', '2022-11-02 00:00:00.000000', 46,
        '2002-03-06 00:00:00.000000', '2009-10-09 00:00:00.000000', 2, '8', '15', '도전3', '성공', '과학', '책 읽기 챌린지'),
       (311566, 68, '2010-07-20 00:00:00.000000', null, '2022-05-07 00:00:00.000000', 47, '2001-08-18 00:00:00.000000',
        '2001-07-18 00:00:00.000000', 1, '2', '19', '도전2', '성취', '역사', '도서 도전'),
       (461406, 488, '2009-03-22 00:00:00.000000', null, '2022-05-28 00:00:00.000000', 48, '2009-02-10 00:00:00.000000',
        '2015-01-23 00:00:00.000000', 2, '8', '9', '규칙2', '성공', '역사', '책 읽기 챌린지'),
       (683293, 246, '2003-06-01 00:00:00.000000', null, '2022-09-12 00:00:00.000000', 49, '2016-07-17 00:00:00.000000',
        '2001-12-27 00:00:00.000000', 10, '14', '7', '도전1', '성취', '소설', '독서 이벤트'),
       (542677, 173, '2012-05-29 00:00:00.000000', null, '2022-09-26 00:00:00.000000', 50, '2012-07-14 00:00:00.000000',
        '2005-12-29 00:00:00.000000', 12, '8', '16', '도전2', '성취', '과학', '책 읽기 챌린지');

-- 챌린지 회원 (100개)
insert into challenge_user (state, attend_date, challenge_id, created_at, deleted_at, id, modified_at,
                            user_id, created_by, modified_by)
values (false, '2003-08-23 00:00:00.000000', 36, '2020-08-21 00:00:00.000000', null, 1, '2001-08-17 00:00:00.000000',
        19, '1', '15'),
       (false, '2002-06-08 00:00:00.000000', 11, '2001-04-29 00:00:00.000000', null, 2, '2018-12-09 00:00:00.000000',
        10, '10', '12'),
       (true, '2014-04-23 00:00:00.000000', 10, '2018-05-18 00:00:00.000000', null, 3, '2001-05-25 00:00:00.000000', 4,
        '4', '1'),
       (false, '2012-05-13 00:00:00.000000', 26, '2003-08-16 00:00:00.000000', null, 4, '2007-06-12 00:00:00.000000',
        20, '6', '2'),
       (false, '2002-04-04 00:00:00.000000', 28, '2004-01-09 00:00:00.000000', null, 5, '2006-07-08 00:00:00.000000', 1,
        '16', '10'),
       (false, '2006-11-15 00:00:00.000000', 6, '2013-06-07 00:00:00.000000', null, 6, '2012-09-27 00:00:00.000000', 12,
        '7', '19'),
       (false, '2010-10-02 00:00:00.000000', 24, '2001-11-01 00:00:00.000000', '2010-08-03 00:00:00.000000', 7,
        '2003-08-18 00:00:00.000000', 17, '9', '6'),
       (true, '2012-11-15 00:00:00.000000', 9, '2001-11-12 00:00:00.000000', null, 8, '2011-03-01 00:00:00.000000', 20,
        '9', '13'),
       (true, '2011-01-20 00:00:00.000000', 25, '2017-08-25 00:00:00.000000', null, 9, '2020-09-29 00:00:00.000000', 8,
        '15', '12'),
       (false, '2003-06-24 00:00:00.000000', 26, '2011-04-04 00:00:00.000000', null, 10, '2012-06-23 00:00:00.000000',
        18, '14', '4'),
       (false, '2016-07-25 00:00:00.000000', 43, '2013-10-16 00:00:00.000000', null, 11, '2006-02-13 00:00:00.000000',
        10, '14', '19'),
       (false, '2016-10-06 00:00:00.000000', 50, '2017-03-18 00:00:00.000000', null, 12, '2015-10-28 00:00:00.000000',
        11, '17', '5'),
       (true, '2008-04-11 00:00:00.000000', 11, '2015-03-20 00:00:00.000000', null, 13, '2014-06-26 00:00:00.000000',
        15, '4', '2'),
       (true, '2018-09-27 00:00:00.000000', 32, '2009-01-25 00:00:00.000000', null, 14, '2012-11-11 00:00:00.000000',
        16, '11', '1'),
       (false, '2016-01-05 00:00:00.000000', 48, '2003-06-27 00:00:00.000000', null, 15, '2006-05-08 00:00:00.000000',
        3, '17', '10'),
       (true, '2001-08-12 00:00:00.000000', 48, '2004-07-11 00:00:00.000000', null, 16, '2018-05-15 00:00:00.000000', 5,
        '7', '13'),
       (false, '2007-07-15 00:00:00.000000', 9, '2013-11-17 00:00:00.000000', null, 17, '2007-07-10 00:00:00.000000', 4,
        '7', '16'),
       (false, '2016-10-26 00:00:00.000000', 33, '2007-06-19 00:00:00.000000', null, 18, '2017-05-02 00:00:00.000000',
        8, '12', '18'),
       (false, '2005-10-09 00:00:00.000000', 22, '2016-05-02 00:00:00.000000', null, 19, '2019-07-18 00:00:00.000000',
        12, '17', '19'),
       (false, '2005-09-29 00:00:00.000000', 22, '2009-02-07 00:00:00.000000', null, 20, '2014-09-16 00:00:00.000000',
        16, '8', '16'),
       (false, '2006-02-23 00:00:00.000000', 32, '2002-05-30 00:00:00.000000', null, 21, '2002-04-25 00:00:00.000000',
        9, '10', '3'),
       (false, '2002-01-12 00:00:00.000000', 2, '2009-10-23 00:00:00.000000', null, 22, '2016-07-05 00:00:00.000000',
        16, '7', '16'),
       (false, '2020-03-17 00:00:00.000000', 41, '2006-03-28 00:00:00.000000', null, 23, '2013-09-19 00:00:00.000000',
        15, '11', '5'),
       (true, '2015-09-17 00:00:00.000000', 18, '2020-07-19 00:00:00.000000', null, 24, '2010-08-25 00:00:00.000000', 1,
        '10', '7'),
       (false, '2018-10-10 00:00:00.000000', 44, '2005-05-27 00:00:00.000000', null, 25, '2009-09-30 00:00:00.000000',
        6, '14', '10'),
       (false, '2008-09-05 00:00:00.000000', 47, '2002-05-19 00:00:00.000000', null, 26, '2003-01-22 00:00:00.000000',
        6, '19', '17'),
       (false, '2007-12-02 00:00:00.000000', 30, '2010-10-24 00:00:00.000000', null, 27, '2016-02-24 00:00:00.000000',
        4, '20', '7'),
       (false, '2016-03-27 00:00:00.000000', 30, '2007-02-21 00:00:00.000000', null, 28, '2015-11-17 00:00:00.000000',
        10, '13', '14'),
       (false, '2012-03-21 00:00:00.000000', 37, '2012-06-11 00:00:00.000000', '2010-02-12 00:00:00.000000', 29,
        '2004-03-26 00:00:00.000000', 12, '5', '18'),
       (false, '2014-04-18 00:00:00.000000', 16, '2002-06-22 00:00:00.000000', null, 30, '2010-10-24 00:00:00.000000',
        11, '7', '16'),
       (false, '2019-03-21 00:00:00.000000', 16, '2014-05-19 00:00:00.000000', null, 31, '2010-07-28 00:00:00.000000',
        7, '16', '12'),
       (false, '2005-08-31 00:00:00.000000', 41, '2017-10-27 00:00:00.000000', null, 32, '2005-09-17 00:00:00.000000',
        12, '11', '8'),
       (true, '2020-11-04 00:00:00.000000', 34, '2006-01-31 00:00:00.000000', null, 33, '2015-04-09 00:00:00.000000',
        16, '13', '14'),
       (false, '2015-03-29 00:00:00.000000', 34, '2017-03-04 00:00:00.000000', null, 34, '2006-10-28 00:00:00.000000',
        15, '8', '9'),
       (false, '2015-03-05 00:00:00.000000', 49, '2011-05-09 00:00:00.000000', null, 35, '2018-04-16 00:00:00.000000',
        8, '10', '16'),
       (true, '2007-07-12 00:00:00.000000', 7, '2001-11-25 00:00:00.000000', null, 36, '2014-03-27 00:00:00.000000', 16,
        '17', '19'),
       (true, '2019-09-14 00:00:00.000000', 40, '2009-10-31 00:00:00.000000', '2019-05-24 00:00:00.000000', 37,
        '2014-08-25 00:00:00.000000', 8, '16', '12'),
       (true, '2012-02-18 00:00:00.000000', 32, '2012-07-24 00:00:00.000000', '2004-01-02 00:00:00.000000', 38,
        '2016-01-08 00:00:00.000000', 1, '19', '17'),
       (false, '2004-02-26 00:00:00.000000', 48, '2016-04-11 00:00:00.000000', null, 39, '2007-12-06 00:00:00.000000',
        1, '14', '5'),
       (false, '2004-02-12 00:00:00.000000', 23, '2017-05-06 00:00:00.000000', null, 40, '2007-12-13 00:00:00.000000',
        8, '13', '16'),
       (false, '2004-10-03 00:00:00.000000', 19, '2011-05-24 00:00:00.000000', null, 41, '2018-07-24 00:00:00.000000',
        7, '10', '8'),
       (false, '2016-12-05 00:00:00.000000', 41, '2013-01-14 00:00:00.000000', null, 42, '2015-07-11 00:00:00.000000',
        9, '4', '1'),
       (false, '2010-02-01 00:00:00.000000', 18, '2018-11-28 00:00:00.000000', null, 43, '2003-12-08 00:00:00.000000',
        14, '2', '12'),
       (true, '2016-04-01 00:00:00.000000', 38, '2017-11-23 00:00:00.000000', null, 44, '2008-08-13 00:00:00.000000',
        11, '17', '5'),
       (true, '2008-04-13 00:00:00.000000', 8, '2007-04-24 00:00:00.000000', null, 45, '2015-11-15 00:00:00.000000', 15,
        '15', '17'),
       (true, '2017-09-01 00:00:00.000000', 48, '2001-11-08 00:00:00.000000', null, 46, '2012-02-04 00:00:00.000000', 4,
        '20', '18'),
       (true, '2004-10-17 00:00:00.000000', 7, '2019-03-08 00:00:00.000000', '2004-12-07 00:00:00.000000', 47,
        '2013-08-02 00:00:00.000000', 6, '2', '10'),
       (true, '2014-10-20 00:00:00.000000', 17, '2013-02-08 00:00:00.000000', null, 48, '2006-12-08 00:00:00.000000', 7,
        '12', '7'),
       (true, '2007-07-07 00:00:00.000000', 38, '2016-12-17 00:00:00.000000', null, 49, '2015-01-21 00:00:00.000000', 5,
        '7', '9'),
       (true, '2007-04-02 00:00:00.000000', 3, '2015-08-11 00:00:00.000000', null, 50, '2010-07-24 00:00:00.000000', 3,
        '8', '5'),
       (false, '2020-08-05 00:00:00.000000', 22, '2003-08-17 00:00:00.000000', null, 51, '2016-03-16 00:00:00.000000',
        16, '20', '4'),
       (true, '2002-03-28 00:00:00.000000', 9, '2011-02-09 00:00:00.000000', null, 52, '2010-10-28 00:00:00.000000', 12,
        '7', '15'),
       (true, '2007-07-05 00:00:00.000000', 5, '2018-01-29 00:00:00.000000', null, 53, '2003-11-15 00:00:00.000000', 17,
        '12', '13'),
       (false, '2005-08-26 00:00:00.000000', 24, '2005-03-15 00:00:00.000000', null, 54, '2020-10-19 00:00:00.000000',
        3, '11', '10'),
       (true, '2009-08-05 00:00:00.000000', 32, '2020-09-28 00:00:00.000000', null, 55, '2012-02-08 00:00:00.000000',
        19, '8', '1'),
       (false, '2008-10-09 00:00:00.000000', 25, '2018-11-20 00:00:00.000000', null, 56, '2004-05-24 00:00:00.000000',
        3, '4', '19'),
       (false, '2014-07-25 00:00:00.000000', 5, '2020-01-31 00:00:00.000000', '2006-10-26 00:00:00.000000', 57,
        '2004-04-24 00:00:00.000000', 15, '7', '13'),
       (false, '2002-12-15 00:00:00.000000', 44, '2016-09-06 00:00:00.000000', null, 58, '2002-06-14 00:00:00.000000',
        10, '2', '1'),
       (true, '2018-07-19 00:00:00.000000', 35, '2015-08-09 00:00:00.000000', null, 59, '2004-05-26 00:00:00.000000',
        15, '5', '4'),
       (false, '2019-08-23 00:00:00.000000', 18, '2013-04-25 00:00:00.000000', null, 60, '2014-07-03 00:00:00.000000',
        5, '5', '18'),
       (false, '2001-06-07 00:00:00.000000', 42, '2018-08-11 00:00:00.000000', null, 61, '2016-09-07 00:00:00.000000',
        1, '17', '6'),
       (true, '2017-05-20 00:00:00.000000', 16, '2019-04-11 00:00:00.000000', null, 62, '2019-09-26 00:00:00.000000', 2,
        '10', '11'),
       (true, '2013-01-11 00:00:00.000000', 36, '2012-05-24 00:00:00.000000', null, 63, '2014-08-09 00:00:00.000000', 6,
        '18', '6'),
       (true, '2007-08-05 00:00:00.000000', 13, '2018-04-21 00:00:00.000000', null, 64, '2014-09-07 00:00:00.000000',
        10, '14', '11'),
       (true, '2001-12-19 00:00:00.000000', 25, '2017-08-19 00:00:00.000000', '2006-06-28 00:00:00.000000', 65,
        '2019-07-26 00:00:00.000000', 13, '13', '17'),
       (false, '2018-10-13 00:00:00.000000', 4, '2009-02-06 00:00:00.000000', null, 66, '2010-09-05 00:00:00.000000',
        14, '15', '6'),
       (false, '2010-07-18 00:00:00.000000', 13, '2013-12-16 00:00:00.000000', null, 67, '2001-07-03 00:00:00.000000',
        19, '9', '17'),
       (true, '2019-03-07 00:00:00.000000', 6, '2002-10-01 00:00:00.000000', null, 68, '2002-09-11 00:00:00.000000', 7,
        '6', '17'),
       (true, '2008-10-26 00:00:00.000000', 9, '2005-12-10 00:00:00.000000', null, 69, '2004-07-09 00:00:00.000000', 19,
        '10', '5'),
       (false, '2010-07-14 00:00:00.000000', 46, '2018-06-24 00:00:00.000000', null, 70, '2003-06-27 00:00:00.000000',
        5, '20', '6'),
       (true, '2008-08-27 00:00:00.000000', 20, '2010-08-28 00:00:00.000000', null, 71, '2008-06-20 00:00:00.000000',
        17, '1', '15'),
       (false, '2018-11-30 00:00:00.000000', 48, '2013-10-06 00:00:00.000000', null, 72, '2014-07-05 00:00:00.000000',
        15, '2', '17'),
       (true, '2019-12-15 00:00:00.000000', 32, '2010-08-18 00:00:00.000000', null, 73, '2009-12-15 00:00:00.000000', 6,
        '12', '12'),
       (true, '2005-05-10 00:00:00.000000', 5, '2010-11-16 00:00:00.000000', null, 74, '2011-10-13 00:00:00.000000', 6,
        '4', '10'),
       (false, '2018-09-27 00:00:00.000000', 47, '2006-06-04 00:00:00.000000', null, 75, '2019-03-17 00:00:00.000000',
        5, '13', '6'),
       (true, '2014-11-24 00:00:00.000000', 50, '2014-04-13 00:00:00.000000', null, 76, '2010-03-18 00:00:00.000000',
        20, '5', '16'),
       (true, '2007-06-27 00:00:00.000000', 13, '2020-12-19 00:00:00.000000', '2020-03-26 00:00:00.000000', 77,
        '2010-09-01 00:00:00.000000', 20, '3', '13'),
       (false, '2003-04-04 00:00:00.000000', 40, '2007-11-02 00:00:00.000000', null, 78, '2019-01-06 00:00:00.000000',
        12, '19', '18'),
       (true, '2018-03-09 00:00:00.000000', 50, '2001-04-08 00:00:00.000000', null, 79, '2004-09-28 00:00:00.000000',
        10, '3', '7'),
       (false, '2012-06-19 00:00:00.000000', 19, '2010-10-26 00:00:00.000000', null, 80, '2001-04-27 00:00:00.000000',
        10, '5', '4'),
       (false, '2018-03-21 00:00:00.000000', 37, '2013-03-27 00:00:00.000000', '2012-07-21 00:00:00.000000', 81,
        '2014-07-02 00:00:00.000000', 14, '3', '20'),
       (false, '2002-08-08 00:00:00.000000', 2, '2005-12-20 00:00:00.000000', null, 82, '2004-03-05 00:00:00.000000', 7,
        '14', '13'),
       (true, '2014-09-20 00:00:00.000000', 44, '2020-04-10 00:00:00.000000', null, 83, '2006-07-04 00:00:00.000000',
        18, '17', '20'),
       (false, '2018-08-06 00:00:00.000000', 14, '2013-05-24 00:00:00.000000', null, 84, '2002-03-01 00:00:00.000000',
        9, '14', '12'),
       (true, '2010-04-06 00:00:00.000000', 11, '2015-07-20 00:00:00.000000', null, 85, '2002-11-30 00:00:00.000000', 6,
        '2', '10'),
       (false, '2012-09-25 00:00:00.000000', 30, '2008-03-01 00:00:00.000000', null, 86, '2020-08-19 00:00:00.000000',
        9, '3', '5'),
       (true, '2011-08-10 00:00:00.000000', 48, '2018-10-22 00:00:00.000000', null, 87, '2002-04-09 00:00:00.000000',
        15, '13', '13'),
       (true, '2017-04-03 00:00:00.000000', 1, '2009-06-20 00:00:00.000000', null, 88, '2005-11-19 00:00:00.000000', 15,
        '7', '5'),
       (false, '2001-08-07 00:00:00.000000', 50, '2014-09-24 00:00:00.000000', null, 89, '2005-08-12 00:00:00.000000',
        19, '1', '10'),
       (false, '2010-08-16 00:00:00.000000', 16, '2002-03-15 00:00:00.000000', null, 90, '2018-05-24 00:00:00.000000',
        17, '1', '18'),
       (true, '2019-10-20 00:00:00.000000', 5, '2016-07-04 00:00:00.000000', null, 91, '2015-06-15 00:00:00.000000', 2,
        '16', '2'),
       (false, '2007-03-10 00:00:00.000000', 49, '2010-12-03 00:00:00.000000', null, 92, '2015-09-26 00:00:00.000000',
        4, '9', '16'),
       (false, '2015-01-19 00:00:00.000000', 16, '2004-10-30 00:00:00.000000', null, 93, '2020-03-26 00:00:00.000000',
        3, '8', '12'),
       (false, '2013-02-11 00:00:00.000000', 21, '2009-03-02 00:00:00.000000', null, 94, '2008-09-05 00:00:00.000000',
        12, '12', '5'),
       (false, '2020-05-19 00:00:00.000000', 19, '2005-08-13 00:00:00.000000', null, 95, '2019-12-31 00:00:00.000000',
        3, '16', '4'),
       (false, '2009-08-04 00:00:00.000000', 12, '2003-06-30 00:00:00.000000', '2017-09-08 00:00:00.000000', 96,
        '2017-01-27 00:00:00.000000', 1, '18', '19'),
       (true, '2018-03-21 00:00:00.000000', 6, '2006-01-31 00:00:00.000000', null, 97, '2006-01-11 00:00:00.000000', 16,
        '8', '5'),
       (true, '2020-01-02 00:00:00.000000', 8, '2007-11-28 00:00:00.000000', null, 98, '2003-01-31 00:00:00.000000', 13,
        '15', '15'),
       (false, '2006-04-11 00:00:00.000000', 34, '2015-08-07 00:00:00.000000', '2006-07-16 00:00:00.000000', 99,
        '2011-05-04 00:00:00.000000', 1, '15', '6'),
       (true, '2019-06-08 00:00:00.000000', 4, '2012-04-23 00:00:00.000000', '2012-10-27 00:00:00.000000', 100,
        '2019-12-26 00:00:00.000000', 16, '5', '19');

-- 챌린지 인증 (100개)
insert into challenge_auth (challenge_id, created_at, deleted_at, id, modified_at, user_id,
                            created_by, modified_by, content, title)
values (11, '2003-11-30 00:00:00.000000', null, 1, '2003-06-17 00:00:00.000000', 15, '20', '2', '도서챌린지1', '건강 인증'),
       (35, '2006-04-08 00:00:00.000000', '2017-08-14 00:00:00.000000', 2, '2003-02-06 00:00:00.000000', 12, '20', '11',
        '도서챌린지2', '건강 인증'),
       (21, '2001-02-16 00:00:00.000000', null, 3, '2004-09-04 00:00:00.000000', 18, '12', '18', '도서챌린지3', '활동 인증'),
       (5, '2019-09-10 00:00:00.000000', null, 4, '2016-09-23 00:00:00.000000', 4, '5', '14', '도서챌린지2', '운동 인증'),
       (28, '2013-02-17 00:00:00.000000', null, 5, '2002-06-21 00:00:00.000000', 14, '11', '4', '도서챌린지2', '건강 인증'),
       (34, '2018-12-18 00:00:00.000000', null, 6, '2001-03-06 00:00:00.000000', 5, '19', '8', '도서챌린지1', '건강 인증'),
       (29, '2010-12-13 00:00:00.000000', null, 7, '2013-03-23 00:00:00.000000', 19, '4', '7', '도서챌린지3', '활동 인증'),
       (5, '2017-03-19 00:00:00.000000', '2012-01-16 00:00:00.000000', 8, '2012-02-21 00:00:00.000000', 13, '10', '19',
        '도서챌린지1', '건강 인증'),
       (8, '2004-08-15 00:00:00.000000', null, 9, '2007-08-06 00:00:00.000000', 15, '18', '10', '도서챌린지3', '도전 인증'),
       (37, '2018-05-08 00:00:00.000000', null, 10, '2014-10-31 00:00:00.000000', 17, '14', '18', '도서챌린지3', '도전 인증'),
       (8, '2018-11-27 00:00:00.000000', null, 11, '2012-03-28 00:00:00.000000', 5, '18', '11', '도서챌린지1', '활동 인증'),
       (8, '2005-01-21 00:00:00.000000', '2011-02-26 00:00:00.000000', 12, '2015-11-04 00:00:00.000000', 4, '11', '17',
        '도서챌린지2', '도전 인증'),
       (21, '2005-03-05 00:00:00.000000', null, 13, '2011-06-19 00:00:00.000000', 17, '14', '5', '도서챌린지2', '운동 인증'),
       (4, '2008-02-28 00:00:00.000000', null, 14, '2004-01-21 00:00:00.000000', 6, '17', '8', '도서챌린지2', '활동 인증'),
       (2, '2013-03-11 00:00:00.000000', null, 15, '2020-03-13 00:00:00.000000', 13, '13', '15', '도서챌린지1', '건강 인증'),
       (20, '2006-05-15 00:00:00.000000', null, 16, '2011-12-08 00:00:00.000000', 14, '5', '19', '도서챌린지1', '운동 인증'),
       (7, '2004-06-28 00:00:00.000000', null, 17, '2013-02-01 00:00:00.000000', 19, '8', '2', '도서챌린지3', '활동 인증'),
       (17, '2007-01-23 00:00:00.000000', null, 18, '2013-04-06 00:00:00.000000', 18, '4', '5', '도서챌린지3', '도전 인증'),
       (8, '2019-09-24 00:00:00.000000', null, 19, '2020-03-27 00:00:00.000000', 4, '16', '4', '도서챌린지3', '건강 인증'),
       (22, '2012-08-03 00:00:00.000000', null, 20, '2002-03-19 00:00:00.000000', 12, '19', '1', '도서챌린지1', '활동 인증'),
       (7, '2004-08-04 00:00:00.000000', null, 21, '2015-10-11 00:00:00.000000', 20, '7', '15', '도서챌린지2', '건강 인증'),
       (32, '2015-03-14 00:00:00.000000', null, 22, '2015-10-15 00:00:00.000000', 6, '7', '3', '도서챌린지2', '운동 인증'),
       (44, '2007-11-29 00:00:00.000000', null, 23, '2014-04-24 00:00:00.000000', 16, '11', '20', '도서챌린지3', '건강 인증'),
       (9, '2020-06-08 00:00:00.000000', null, 24, '2020-01-20 00:00:00.000000', 16, '5', '2', '도서챌린지1', '건강 인증'),
       (29, '2003-02-20 00:00:00.000000', null, 25, '2014-09-24 00:00:00.000000', 19, '3', '2', '도서챌린지1', '도전 인증'),
       (17, '2018-03-13 00:00:00.000000', '2008-10-28 00:00:00.000000', 26, '2009-07-07 00:00:00.000000', 8, '9', '20',
        '도서챌린지1', '활동 인증'),
       (6, '2018-08-04 00:00:00.000000', '2013-11-13 00:00:00.000000', 27, '2017-04-07 00:00:00.000000', 8, '2', '4',
        '도서챌린지3', '건강 인증'),
       (34, '2018-04-11 00:00:00.000000', null, 28, '2004-02-20 00:00:00.000000', 13, '2', '3', '도서챌린지3', '건강 인증'),
       (37, '2004-01-26 00:00:00.000000', null, 29, '2010-10-20 00:00:00.000000', 3, '14', '9', '도서챌린지3', '건강 인증'),
       (24, '2012-12-06 00:00:00.000000', '2005-05-27 00:00:00.000000', 30, '2017-01-17 00:00:00.000000', 18, '2', '20',
        '도서챌린지2', '운동 인증'),
       (24, '2020-04-28 00:00:00.000000', null, 31, '2019-10-28 00:00:00.000000', 9, '7', '20', '도서챌린지1', '활동 인증'),
       (11, '2015-12-14 00:00:00.000000', null, 32, '2019-09-14 00:00:00.000000', 4, '17', '4', '도서챌린지3', '운동 인증'),
       (49, '2004-11-30 00:00:00.000000', null, 33, '2011-09-26 00:00:00.000000', 9, '17', '5', '도서챌린지3', '운동 인증'),
       (49, '2009-11-20 00:00:00.000000', null, 34, '2016-02-06 00:00:00.000000', 12, '1', '19', '도서챌린지1', '운동 인증'),
       (41, '2002-10-09 00:00:00.000000', null, 35, '2010-06-01 00:00:00.000000', 5, '6', '3', '도서챌린지3', '활동 인증'),
       (26, '2004-01-24 00:00:00.000000', null, 36, '2008-12-21 00:00:00.000000', 20, '3', '19', '도서챌린지3', '운동 인증'),
       (10, '2014-05-22 00:00:00.000000', null, 37, '2014-09-18 00:00:00.000000', 7, '3', '7', '도서챌린지3', '건강 인증'),
       (4, '2017-07-13 00:00:00.000000', null, 38, '2018-07-22 00:00:00.000000', 11, '13', '8', '도서챌린지2', '건강 인증'),
       (23, '2018-11-11 00:00:00.000000', null, 39, '2011-08-15 00:00:00.000000', 11, '11', '13', '도서챌린지3', '도전 인증'),
       (7, '2016-11-23 00:00:00.000000', null, 40, '2009-06-10 00:00:00.000000', 13, '9', '17', '도서챌린지1', '건강 인증'),
       (23, '2010-05-28 00:00:00.000000', null, 41, '2015-03-31 00:00:00.000000', 16, '16', '6', '도서챌린지3', '활동 인증'),
       (11, '2007-08-24 00:00:00.000000', '2018-11-18 00:00:00.000000', 42, '2003-12-30 00:00:00.000000', 19, '19', '3',
        '도서챌린지3', '운동 인증'),
       (50, '2018-01-03 00:00:00.000000', null, 43, '2010-08-21 00:00:00.000000', 10, '16', '4', '도서챌린지2', '건강 인증'),
       (21, '2016-02-25 00:00:00.000000', null, 44, '2010-11-18 00:00:00.000000', 5, '1', '13', '도서챌린지1', '운동 인증'),
       (8, '2004-05-04 00:00:00.000000', null, 45, '2017-05-18 00:00:00.000000', 20, '1', '3', '도서챌린지2', '운동 인증'),
       (16, '2013-04-17 00:00:00.000000', null, 46, '2018-07-30 00:00:00.000000', 11, '1', '5', '도서챌린지1', '건강 인증'),
       (3, '2012-12-10 00:00:00.000000', null, 47, '2017-10-02 00:00:00.000000', 10, '20', '14', '도서챌린지1', '건강 인증'),
       (12, '2015-12-06 00:00:00.000000', null, 48, '2011-08-05 00:00:00.000000', 18, '6', '17', '도서챌린지1', '활동 인증'),
       (36, '2018-08-31 00:00:00.000000', null, 49, '2007-05-31 00:00:00.000000', 7, '14', '20', '도서챌린지1', '운동 인증'),
       (15, '2006-07-30 00:00:00.000000', null, 50, '2002-04-03 00:00:00.000000', 13, '13', '3', '도서챌린지1', '운동 인증'),
       (31, '2002-07-10 00:00:00.000000', null, 51, '2003-01-18 00:00:00.000000', 18, '8', '14', '도서챌린지2', '건강 인증'),
       (17, '2011-08-02 00:00:00.000000', null, 52, '2006-09-23 00:00:00.000000', 10, '12', '20', '도서챌린지2', '도전 인증'),
       (6, '2013-11-01 00:00:00.000000', null, 53, '2016-09-27 00:00:00.000000', 20, '17', '7', '도서챌린지1', '도전 인증'),
       (27, '2009-03-30 00:00:00.000000', null, 54, '2012-07-31 00:00:00.000000', 7, '2', '4', '도서챌린지3', '활동 인증'),
       (29, '2018-03-11 00:00:00.000000', null, 55, '2001-07-19 00:00:00.000000', 16, '7', '5', '도서챌린지2', '활동 인증'),
       (12, '2003-03-02 00:00:00.000000', null, 56, '2012-05-26 00:00:00.000000', 17, '15', '12', '도서챌린지2', '건강 인증'),
       (23, '2007-04-16 00:00:00.000000', null, 57, '2003-02-01 00:00:00.000000', 4, '11', '15', '도서챌린지3', '도전 인증'),
       (18, '2015-09-11 00:00:00.000000', null, 58, '2011-09-26 00:00:00.000000', 1, '13', '11', '도서챌린지3', '건강 인증'),
       (38, '2012-04-08 00:00:00.000000', null, 59, '2020-08-01 00:00:00.000000', 13, '2', '7', '도서챌린지1', '운동 인증'),
       (40, '2018-06-30 00:00:00.000000', null, 60, '2015-10-21 00:00:00.000000', 2, '8', '5', '도서챌린지2', '건강 인증'),
       (31, '2002-02-04 00:00:00.000000', null, 61, '2005-08-21 00:00:00.000000', 10, '17', '18', '도서챌린지2', '운동 인증'),
       (11, '2011-07-09 00:00:00.000000', null, 62, '2014-11-22 00:00:00.000000', 11, '1', '11', '도서챌린지3', '건강 인증'),
       (8, '2005-01-12 00:00:00.000000', null, 63, '2016-05-05 00:00:00.000000', 8, '9', '2', '도서챌린지2', '활동 인증'),
       (40, '2015-02-13 00:00:00.000000', null, 64, '2014-12-03 00:00:00.000000', 15, '8', '17', '도서챌린지1', '건강 인증'),
       (13, '2020-09-12 00:00:00.000000', null, 65, '2005-05-26 00:00:00.000000', 12, '14', '19', '도서챌린지1', '건강 인증'),
       (30, '2014-10-02 00:00:00.000000', null, 66, '2008-12-29 00:00:00.000000', 1, '6', '4', '도서챌린지2', '건강 인증'),
       (12, '2007-08-01 00:00:00.000000', null, 67, '2005-08-26 00:00:00.000000', 10, '10', '3', '도서챌린지1', '도전 인증'),
       (42, '2001-05-02 00:00:00.000000', null, 68, '2018-03-05 00:00:00.000000', 3, '1', '15', '도서챌린지1', '도전 인증'),
       (19, '2010-06-30 00:00:00.000000', null, 69, '2011-08-16 00:00:00.000000', 15, '20', '14', '도서챌린지1', '건강 인증'),
       (4, '2004-12-29 00:00:00.000000', null, 70, '2017-10-29 00:00:00.000000', 3, '11', '11', '도서챌린지1', '도전 인증'),
       (27, '2017-03-26 00:00:00.000000', '2004-01-23 00:00:00.000000', 71, '2003-05-12 00:00:00.000000', 1, '5', '2',
        '도서챌린지1', '운동 인증'),
       (46, '2005-06-07 00:00:00.000000', null, 72, '2008-06-24 00:00:00.000000', 16, '8', '8', '도서챌린지2', '운동 인증'),
       (22, '2019-09-29 00:00:00.000000', null, 73, '2011-05-01 00:00:00.000000', 19, '5', '12', '도서챌린지3', '활동 인증'),
       (1, '2010-03-12 00:00:00.000000', null, 74, '2020-01-21 00:00:00.000000', 11, '10', '19', '도서챌린지2', '도전 인증'),
       (33, '2013-03-23 00:00:00.000000', null, 75, '2015-07-24 00:00:00.000000', 8, '6', '8', '도서챌린지2', '활동 인증'),
       (27, '2004-03-15 00:00:00.000000', null, 76, '2004-09-08 00:00:00.000000', 7, '13', '14', '도서챌린지1', '도전 인증'),
       (5, '2004-01-19 00:00:00.000000', null, 77, '2012-05-26 00:00:00.000000', 7, '16', '12', '도서챌린지1', '운동 인증'),
       (46, '2003-07-21 00:00:00.000000', null, 78, '2003-10-28 00:00:00.000000', 3, '18', '12', '도서챌린지1', '활동 인증'),
       (10, '2002-03-29 00:00:00.000000', null, 79, '2019-07-18 00:00:00.000000', 11, '17', '16', '도서챌린지1', '건강 인증'),
       (11, '2016-12-12 00:00:00.000000', null, 80, '2009-05-01 00:00:00.000000', 9, '6', '19', '도서챌린지3', '활동 인증'),
       (39, '2015-12-30 00:00:00.000000', null, 81, '2002-09-06 00:00:00.000000', 7, '12', '4', '도서챌린지1', '활동 인증'),
       (36, '2020-09-16 00:00:00.000000', null, 82, '2011-06-24 00:00:00.000000', 8, '7', '15', '도서챌린지1', '운동 인증'),
       (38, '2014-07-27 00:00:00.000000', null, 83, '2007-03-25 00:00:00.000000', 8, '12', '3', '도서챌린지3', '건강 인증'),
       (27, '2004-11-01 00:00:00.000000', null, 84, '2005-01-25 00:00:00.000000', 5, '2', '1', '도서챌린지2', '도전 인증'),
       (43, '2011-02-07 00:00:00.000000', null, 85, '2010-09-29 00:00:00.000000', 16, '5', '14', '도서챌린지2', '도전 인증'),
       (28, '2017-02-16 00:00:00.000000', null, 86, '2006-12-20 00:00:00.000000', 10, '7', '6', '도서챌린지3', '도전 인증'),
       (39, '2019-06-16 00:00:00.000000', null, 87, '2010-04-22 00:00:00.000000', 16, '11', '6', '도서챌린지2', '도전 인증'),
       (47, '2020-05-22 00:00:00.000000', null, 88, '2016-04-14 00:00:00.000000', 4, '16', '16', '도서챌린지1', '운동 인증'),
       (32, '2015-11-27 00:00:00.000000', null, 89, '2002-07-29 00:00:00.000000', 16, '17', '14', '도서챌린지3', '건강 인증'),
       (17, '2005-08-13 00:00:00.000000', null, 90, '2006-07-31 00:00:00.000000', 7, '8', '8', '도서챌린지2', '활동 인증'),
       (13, '2007-12-18 00:00:00.000000', null, 91, '2012-01-13 00:00:00.000000', 11, '16', '19', '도서챌린지3', '도전 인증'),
       (1, '2011-03-06 00:00:00.000000', null, 92, '2016-07-15 00:00:00.000000', 7, '14', '17', '도서챌린지3', '활동 인증'),
       (29, '2018-12-01 00:00:00.000000', null, 93, '2016-12-11 00:00:00.000000', 15, '13', '8', '도서챌린지2', '운동 인증'),
       (26, '2018-10-16 00:00:00.000000', null, 94, '2010-11-28 00:00:00.000000', 4, '14', '16', '도서챌린지2', '건강 인증'),
       (16, '2006-10-05 00:00:00.000000', null, 95, '2003-09-16 00:00:00.000000', 10, '13', '12', '도서챌린지3', '건강 인증'),
       (8, '2013-03-25 00:00:00.000000', null, 96, '2010-10-12 00:00:00.000000', 12, '15', '19', '도서챌린지1', '건강 인증'),
       (22, '2006-12-14 00:00:00.000000', null, 97, '2015-10-26 00:00:00.000000', 4, '11', '8', '도서챌린지3', '도전 인증'),
       (50, '2004-03-28 00:00:00.000000', null, 98, '2005-11-17 00:00:00.000000', 16, '11', '7', '도서챌린지1', '활동 인증'),
       (11, '2012-05-31 00:00:00.000000', '2020-11-10 00:00:00.000000', 99, '2020-10-24 00:00:00.000000', 2, '14', '11',
        '도서챌린지1', '운동 인증'),
       (47, '2009-09-28 00:00:00.000000', null, 100, '2009-07-01 00:00:00.000000', 1, '15', '1', '도서챌린지3', '활동 인증');

-- 챌린지 인증 좋아요 (100개)
insert into auth_like (challenge_auth_id, created_at, deleted_at, id, modified_at, user_id,
                       created_by, modified_by)
values (40, '2002-08-18 00:00:00.000000', null, 1, '2002-03-22 00:00:00.000000', 14, '2', '8'),
       (16, '2013-06-24 00:00:00.000000', null, 2, '2014-08-08 00:00:00.000000', 5, '8', '8'),
       (26, '2008-07-17 00:00:00.000000', null, 3, '2020-11-14 00:00:00.000000', 3, '10', '18'),
       (90, '2008-10-31 00:00:00.000000', null, 4, '2005-01-31 00:00:00.000000', 19, '14', '9'),
       (51, '2019-08-14 00:00:00.000000', null, 5, '2005-02-06 00:00:00.000000', 5, '8', '7'),
       (75, '2011-10-08 00:00:00.000000', null, 6, '2017-10-12 00:00:00.000000', 19, '8', '17'),
       (7, '2003-08-01 00:00:00.000000', null, 7, '2002-04-08 00:00:00.000000', 12, '7', '4'),
       (86, '2006-05-27 00:00:00.000000', null, 8, '2005-01-15 00:00:00.000000', 8, '5', '15'),
       (84, '2019-11-23 00:00:00.000000', null, 9, '2016-04-27 00:00:00.000000', 16, '11', '18'),
       (19, '2010-01-26 00:00:00.000000', null, 10, '2002-04-24 00:00:00.000000', 20, '4', '20'),
       (8, '2003-12-16 00:00:00.000000', null, 11, '2019-08-22 00:00:00.000000', 20, '11', '17'),
       (22, '2005-10-13 00:00:00.000000', null, 12, '2016-05-15 00:00:00.000000', 10, '6', '2'),
       (35, '2017-02-07 00:00:00.000000', null, 13, '2018-10-01 00:00:00.000000', 8, '13', '1'),
       (49, '2004-03-19 00:00:00.000000', null, 14, '2004-03-02 00:00:00.000000', 10, '10', '6'),
       (16, '2000-09-13 00:00:00.000000', null, 15, '2005-10-14 00:00:00.000000', 12, '11', '5'),
       (21, '2003-11-04 00:00:00.000000', null, 16, '2009-01-24 00:00:00.000000', 20, '18', '4'),
       (2, '2015-11-13 00:00:00.000000', null, 17, '2017-06-02 00:00:00.000000', 12, '12', '4'),
       (93, '2013-03-27 00:00:00.000000', null, 18, '2017-11-10 00:00:00.000000', 14, '4', '4'),
       (5, '2017-07-12 00:00:00.000000', null, 19, '2009-05-22 00:00:00.000000', 18, '20', '3'),
       (12, '2004-10-01 00:00:00.000000', null, 20, '2016-07-28 00:00:00.000000', 13, '2', '20'),
       (55, '2012-12-11 00:00:00.000000', null, 21, '2018-04-28 00:00:00.000000', 3, '6', '5'),
       (33, '2002-05-01 00:00:00.000000', null, 22, '2008-05-05 00:00:00.000000', 9, '5', '19'),
       (29, '2017-03-10 00:00:00.000000', null, 23, '2007-12-04 00:00:00.000000', 11, '19', '6'),
       (23, '2002-06-22 00:00:00.000000', '2014-12-08 00:00:00.000000', 24, '2012-01-30 00:00:00.000000', 18, '2', '7'),
       (72, '2012-07-25 00:00:00.000000', '2014-07-21 00:00:00.000000', 25, '2008-07-05 00:00:00.000000', 8, '13',
        '12'),
       (79, '2007-03-05 00:00:00.000000', null, 26, '2001-07-04 00:00:00.000000', 5, '10', '6'),
       (5, '2022-04-18 00:00:00.000000', null, 27, '2008-08-07 00:00:00.000000', 5, '11', '15'),
       (94, '2018-05-27 00:00:00.000000', null, 28, '2009-07-16 00:00:00.000000', 16, '9', '6'),
       (24, '2000-02-29 00:00:00.000000', null, 29, '2002-10-17 00:00:00.000000', 10, '16', '2'),
       (40, '2006-06-19 00:00:00.000000', null, 30, '2019-04-11 00:00:00.000000', 10, '1', '6'),
       (49, '2013-03-25 00:00:00.000000', '2017-03-28 00:00:00.000000', 31, '2016-12-30 00:00:00.000000', 16, '12',
        '14'),
       (41, '2006-02-09 00:00:00.000000', null, 32, '2008-12-09 00:00:00.000000', 4, '13', '15'),
       (72, '2007-01-11 00:00:00.000000', null, 33, '2020-04-01 00:00:00.000000', 16, '15', '5'),
       (74, '2019-04-20 00:00:00.000000', null, 34, '2014-12-20 00:00:00.000000', 14, '4', '3'),
       (87, '2008-11-13 00:00:00.000000', null, 35, '2018-09-16 00:00:00.000000', 13, '19', '16'),
       (12, '2007-04-30 00:00:00.000000', null, 36, '2013-01-13 00:00:00.000000', 17, '12', '9'),
       (34, '2018-10-03 00:00:00.000000', null, 37, '2017-02-10 00:00:00.000000', 13, '11', '6'),
       (86, '2020-04-05 00:00:00.000000', null, 38, '2002-08-09 00:00:00.000000', 15, '18', '16'),
       (39, '2013-07-21 00:00:00.000000', null, 39, '2003-08-20 00:00:00.000000', 2, '6', '16'),
       (70, '2000-06-16 00:00:00.000000', null, 40, '2013-02-24 00:00:00.000000', 6, '5', '12'),
       (10, '2021-01-07 00:00:00.000000', '2005-03-04 00:00:00.000000', 41, '2018-12-09 00:00:00.000000', 15, '5', '1'),
       (82, '2010-04-05 00:00:00.000000', null, 42, '2017-10-21 00:00:00.000000', 8, '15', '13'),
       (94, '2017-07-14 00:00:00.000000', null, 43, '2008-10-24 00:00:00.000000', 6, '7', '20'),
       (14, '2017-07-11 00:00:00.000000', null, 44, '2003-09-22 00:00:00.000000', 20, '3', '10'),
       (62, '2003-04-03 00:00:00.000000', null, 45, '2002-01-28 00:00:00.000000', 9, '12', '18'),
       (21, '2018-01-28 00:00:00.000000', null, 46, '2011-06-06 00:00:00.000000', 17, '15', '5'),
       (73, '2019-12-08 00:00:00.000000', null, 47, '2008-04-12 00:00:00.000000', 16, '20', '20'),
       (93, '2006-09-14 00:00:00.000000', '2010-07-19 00:00:00.000000', 48, '2009-04-27 00:00:00.000000', 14, '15',
        '5'),
       (56, '2001-05-31 00:00:00.000000', null, 49, '2008-10-02 00:00:00.000000', 5, '17', '13'),
       (16, '2000-11-18 00:00:00.000000', null, 50, '2013-09-24 00:00:00.000000', 2, '12', '11'),
       (76, '2020-11-27 00:00:00.000000', null, 51, '2011-12-25 00:00:00.000000', 19, '1', '7'),
       (12, '2016-09-10 00:00:00.000000', null, 52, '2008-02-25 00:00:00.000000', 9, '13', '19'),
       (1, '2009-05-31 00:00:00.000000', null, 53, '2016-08-02 00:00:00.000000', 18, '2', '16'),
       (42, '2005-10-28 00:00:00.000000', null, 54, '2015-01-25 00:00:00.000000', 7, '11', '2'),
       (10, '2003-07-17 00:00:00.000000', '2013-05-15 00:00:00.000000', 55, '2006-09-18 00:00:00.000000', 15, '13',
        '5'),
       (75, '2018-05-17 00:00:00.000000', null, 56, '2008-05-06 00:00:00.000000', 5, '14', '9'),
       (74, '2017-10-05 00:00:00.000000', null, 57, '2016-09-01 00:00:00.000000', 7, '2', '6'),
       (9, '2009-05-17 00:00:00.000000', null, 58, '2008-12-29 00:00:00.000000', 20, '10', '19'),
       (22, '2007-07-07 00:00:00.000000', '2005-07-31 00:00:00.000000', 59, '2016-05-03 00:00:00.000000', 15, '8',
        '14'),
       (87, '2004-04-10 00:00:00.000000', null, 60, '2005-11-20 00:00:00.000000', 15, '6', '18'),
       (8, '2015-08-18 00:00:00.000000', null, 61, '2009-07-22 00:00:00.000000', 19, '18', '4'),
       (84, '2003-03-14 00:00:00.000000', null, 62, '2007-01-10 00:00:00.000000', 1, '4', '7'),
       (62, '2000-07-03 00:00:00.000000', null, 63, '2018-02-23 00:00:00.000000', 6, '11', '9'),
       (71, '2016-02-16 00:00:00.000000', null, 64, '2015-03-06 00:00:00.000000', 14, '19', '12'),
       (15, '2006-10-23 00:00:00.000000', '2018-09-22 00:00:00.000000', 65, '2001-10-01 00:00:00.000000', 4, '17', '8'),
       (93, '2016-05-26 00:00:00.000000', null, 66, '2016-10-04 00:00:00.000000', 20, '10', '12'),
       (68, '2010-08-31 00:00:00.000000', null, 67, '2004-03-17 00:00:00.000000', 10, '18', '9'),
       (78, '2016-09-10 00:00:00.000000', null, 68, '2006-01-06 00:00:00.000000', 19, '20', '17'),
       (9, '2022-05-22 00:00:00.000000', '2002-10-22 00:00:00.000000', 69, '2007-08-17 00:00:00.000000', 13, '20',
        '11'),
       (50, '2022-10-06 00:00:00.000000', null, 70, '2003-01-13 00:00:00.000000', 18, '4', '4'),
       (11, '2000-07-26 00:00:00.000000', null, 71, '2015-03-17 00:00:00.000000', 15, '2', '3'),
       (70, '2018-12-23 00:00:00.000000', null, 72, '2003-05-14 00:00:00.000000', 11, '8', '13'),
       (64, '2018-01-14 00:00:00.000000', null, 73, '2004-01-28 00:00:00.000000', 7, '4', '5'),
       (97, '2003-09-07 00:00:00.000000', null, 74, '2018-02-10 00:00:00.000000', 13, '2', '4'),
       (56, '2008-04-18 00:00:00.000000', null, 75, '2016-08-11 00:00:00.000000', 17, '6', '11'),
       (37, '2013-05-20 00:00:00.000000', null, 76, '2003-02-26 00:00:00.000000', 2, '4', '12'),
       (7, '2012-07-05 00:00:00.000000', null, 77, '2006-03-31 00:00:00.000000', 10, '9', '11'),
       (66, '2003-10-19 00:00:00.000000', null, 78, '2015-04-22 00:00:00.000000', 4, '7', '15'),
       (7, '2022-09-16 00:00:00.000000', null, 79, '2006-11-19 00:00:00.000000', 6, '16', '8'),
       (42, '2000-04-05 00:00:00.000000', null, 80, '2001-01-12 00:00:00.000000', 11, '16', '13'),
       (2, '2002-03-01 00:00:00.000000', null, 81, '2005-08-29 00:00:00.000000', 6, '16', '2'),
       (26, '2020-02-01 00:00:00.000000', '2019-05-15 00:00:00.000000', 82, '2008-06-14 00:00:00.000000', 6, '20', '7'),
       (11, '2007-03-07 00:00:00.000000', null, 83, '2020-04-20 00:00:00.000000', 14, '11', '14'),
       (60, '2014-03-11 00:00:00.000000', null, 84, '2007-09-01 00:00:00.000000', 17, '9', '3'),
       (11, '2014-07-07 00:00:00.000000', null, 85, '2006-01-27 00:00:00.000000', 16, '1', '5'),
       (21, '2007-02-20 00:00:00.000000', '2012-02-07 00:00:00.000000', 86, '2001-02-23 00:00:00.000000', 16, '9', '3'),
       (23, '2009-07-11 00:00:00.000000', null, 87, '2020-07-18 00:00:00.000000', 10, '2', '13'),
       (96, '2016-08-31 00:00:00.000000', null, 88, '2015-02-06 00:00:00.000000', 20, '17', '9'),
       (42, '2002-09-14 00:00:00.000000', null, 89, '2005-12-04 00:00:00.000000', 3, '19', '3'),
       (3, '2004-03-08 00:00:00.000000', null, 90, '2017-11-19 00:00:00.000000', 6, '14', '9'),
       (18, '2004-10-11 00:00:00.000000', null, 91, '2018-10-04 00:00:00.000000', 2, '2', '16'),
       (68, '2003-02-17 00:00:00.000000', null, 92, '2008-08-04 00:00:00.000000', 8, '5', '19'),
       (70, '2010-02-07 00:00:00.000000', null, 93, '2005-03-11 00:00:00.000000', 2, '14', '14'),
       (67, '2020-06-21 00:00:00.000000', null, 94, '2013-01-16 00:00:00.000000', 13, '3', '6'),
       (48, '2015-06-01 00:00:00.000000', null, 95, '2001-08-17 00:00:00.000000', 20, '3', '15'),
       (57, '2010-04-11 00:00:00.000000', null, 96, '2004-05-02 00:00:00.000000', 4, '12', '13'),
       (40, '2005-02-13 00:00:00.000000', '2012-01-11 00:00:00.000000', 97, '2010-05-23 00:00:00.000000', 7, '8', '7'),
       (7, '2005-07-07 00:00:00.000000', null, 98, '2012-04-01 00:00:00.000000', 10, '20', '8'),
       (35, '2014-05-15 00:00:00.000000', null, 99, '2014-04-24 00:00:00.000000', 4, '12', '16'),
       (71, '2005-03-05 00:00:00.000000', null, 100, '2007-03-16 00:00:00.000000', 2, '15', '6');

-- 챌린지 인증 사진 (100개)
insert into auth_image (auth_id, created_at, deleted_at, id, modified_at, created_by, modified_by,
                        img_src)
values (29, '2013-09-14 00:00:00.000000', null, 1, '2002-09-13 00:00:00.000000', '8', '10',
        'https://www.example.com/image63.jpg'),
       (1, '2019-11-27 00:00:00.000000', null, 2, '2001-07-24 00:00:00.000000', '8', '10',
        'https://www.example.com/image8.jpg'),
       (57, '2010-01-27 00:00:00.000000', null, 3, '2007-12-20 00:00:00.000000', '13', '9',
        'https://www.example.com/image2.jpg'),
       (35, '2007-06-30 00:00:00.000000', null, 4, '2020-01-06 00:00:00.000000', '7', '13',
        'https://www.example.com/image77.jpg'),
       (73, '2003-06-27 00:00:00.000000', null, 5, '2019-12-25 00:00:00.000000', '17', '9',
        'https://www.example.com/image01.jpg'),
       (16, '2011-02-12 00:00:00.000000', null, 6, '2006-08-09 00:00:00.000000', '19', '17',
        'https://www.example.com/image38.jpg'),
       (28, '2004-07-18 00:00:00.000000', null, 7, '2020-01-25 00:00:00.000000', '4', '13',
        'https://www.example.com/image0.jpg'),
       (91, '2007-01-26 00:00:00.000000', null, 8, '2004-03-27 00:00:00.000000', '18', '11',
        'https://www.example.com/image4.jpg'),
       (18, '2008-11-18 00:00:00.000000', null, 9, '2012-03-10 00:00:00.000000', '14', '6',
        'https://www.example.com/image036.jpg'),
       (41, '2018-09-07 00:00:00.000000', '2019-07-26 00:00:00.000000', 10, '2003-09-19 00:00:00.000000', '2', '19',
        'https://www.example.com/image859.jpg'),
       (58, '2006-02-02 00:00:00.000000', null, 11, '2008-07-02 00:00:00.000000', '9', '12',
        'https://www.example.com/image7.jpg'),
       (77, '2013-12-09 00:00:00.000000', null, 12, '2017-08-12 00:00:00.000000', '20', '13',
        'https://www.example.com/image173.jpg'),
       (82, '2014-10-09 00:00:00.000000', null, 13, '2020-04-16 00:00:00.000000', '8', '9',
        'https://www.example.com/image02.jpg'),
       (39, '2008-07-03 00:00:00.000000', null, 14, '2003-03-09 00:00:00.000000', '12', '3',
        'https://www.example.com/image660.jpg'),
       (74, '2010-07-06 00:00:00.000000', null, 15, '2004-10-29 00:00:00.000000', '13', '12',
        'https://www.example.com/image538.jpg'),
       (19, '2003-08-07 00:00:00.000000', null, 16, '2017-06-14 00:00:00.000000', '18', '8',
        'https://www.example.com/image36.jpg'),
       (5, '2009-01-20 00:00:00.000000', null, 17, '2008-06-15 00:00:00.000000', '10', '5',
        'https://www.example.com/image77.jpg'),
       (88, '2018-12-29 00:00:00.000000', null, 18, '2003-11-13 00:00:00.000000', '2', '12',
        'https://www.example.com/image981.jpg'),
       (70, '2019-12-06 00:00:00.000000', null, 19, '2013-07-13 00:00:00.000000', '1', '12',
        'https://www.example.com/image8.jpg'),
       (71, '2012-12-11 00:00:00.000000', null, 20, '2001-09-05 00:00:00.000000', '18', '7',
        'https://www.example.com/image70.jpg'),
       (38, '2005-06-06 00:00:00.000000', '2014-08-24 00:00:00.000000', 21, '2019-11-30 00:00:00.000000', '12', '16',
        'https://www.example.com/image77.jpg'),
       (39, '2005-09-18 00:00:00.000000', null, 22, '2020-07-29 00:00:00.000000', '17', '11',
        'https://www.example.com/image339.jpg'),
       (52, '2016-12-12 00:00:00.000000', null, 23, '2004-08-29 00:00:00.000000', '19', '7',
        'https://www.example.com/image83.jpg'),
       (39, '2019-05-13 00:00:00.000000', null, 24, '2013-07-26 00:00:00.000000', '12', '1',
        'https://www.example.com/image7.jpg'),
       (81, '2018-08-23 00:00:00.000000', '2015-12-17 00:00:00.000000', 25, '2010-12-12 00:00:00.000000', '11', '14',
        'https://www.example.com/image6.jpg'),
       (90, '2020-01-17 00:00:00.000000', null, 26, '2004-06-18 00:00:00.000000', '20', '2',
        'https://www.example.com/image1.jpg'),
       (42, '2006-12-30 00:00:00.000000', null, 27, '2015-01-04 00:00:00.000000', '5', '2',
        'https://www.example.com/image5.jpg'),
       (15, '2005-10-25 00:00:00.000000', null, 28, '2007-01-24 00:00:00.000000', '7', '8',
        'https://www.example.com/image70.jpg'),
       (95, '2019-06-11 00:00:00.000000', null, 29, '2010-12-03 00:00:00.000000', '7', '5',
        'https://www.example.com/image6.jpg'),
       (4, '2003-07-06 00:00:00.000000', null, 30, '2010-02-15 00:00:00.000000', '20', '2',
        'https://www.example.com/image0.jpg'),
       (40, '2014-02-05 00:00:00.000000', null, 31, '2004-11-23 00:00:00.000000', '9', '8',
        'https://www.example.com/image85.jpg'),
       (55, '2002-07-08 00:00:00.000000', null, 32, '2004-05-19 00:00:00.000000', '8', '18',
        'https://www.example.com/image0.jpg'),
       (68, '2009-11-11 00:00:00.000000', null, 33, '2010-03-24 00:00:00.000000', '13', '8',
        'https://www.example.com/image68.jpg'),
       (16, '2016-08-29 00:00:00.000000', null, 34, '2001-01-19 00:00:00.000000', '10', '19',
        'https://www.example.com/image049.jpg'),
       (61, '2005-12-12 00:00:00.000000', '2003-04-06 00:00:00.000000', 35, '2014-01-08 00:00:00.000000', '10', '5',
        'https://www.example.com/image299.jpg'),
       (36, '2019-10-27 00:00:00.000000', null, 36, '2018-05-03 00:00:00.000000', '12', '14',
        'https://www.example.com/image487.jpg'),
       (33, '2005-05-08 00:00:00.000000', null, 37, '2016-05-05 00:00:00.000000', '5', '6',
        'https://www.example.com/image595.jpg'),
       (70, '2002-06-02 00:00:00.000000', null, 38, '2015-09-04 00:00:00.000000', '9', '8',
        'https://www.example.com/image000.jpg'),
       (12, '2016-06-08 00:00:00.000000', '2006-12-10 00:00:00.000000', 39, '2018-05-08 00:00:00.000000', '3', '17',
        'https://www.example.com/image08.jpg'),
       (69, '2006-05-25 00:00:00.000000', null, 40, '2010-05-14 00:00:00.000000', '18', '5',
        'https://www.example.com/image42.jpg'),
       (89, '2014-01-16 00:00:00.000000', null, 41, '2017-05-24 00:00:00.000000', '4', '16',
        'https://www.example.com/image01.jpg'),
       (30, '2019-08-12 00:00:00.000000', null, 42, '2008-10-24 00:00:00.000000', '2', '13',
        'https://www.example.com/image21.jpg'),
       (76, '2006-08-15 00:00:00.000000', null, 43, '2018-01-11 00:00:00.000000', '1', '9',
        'https://www.example.com/image0.jpg'),
       (20, '2016-03-10 00:00:00.000000', '2009-11-24 00:00:00.000000', 44, '2020-03-01 00:00:00.000000', '11', '19',
        'https://www.example.com/image12.jpg'),
       (66, '2006-05-26 00:00:00.000000', null, 45, '2017-03-22 00:00:00.000000', '10', '1',
        'https://www.example.com/image1.jpg'),
       (66, '2007-01-01 00:00:00.000000', null, 46, '2010-12-10 00:00:00.000000', '20', '19',
        'https://www.example.com/image62.jpg'),
       (41, '2006-08-09 00:00:00.000000', null, 47, '2004-08-02 00:00:00.000000', '2', '19',
        'https://www.example.com/image309.jpg'),
       (59, '2003-12-13 00:00:00.000000', null, 48, '2001-06-16 00:00:00.000000', '10', '9',
        'https://www.example.com/image134.jpg'),
       (82, '2007-10-16 00:00:00.000000', null, 49, '2017-08-14 00:00:00.000000', '12', '20',
        'https://www.example.com/image1.jpg'),
       (14, '2016-05-23 00:00:00.000000', null, 50, '2006-04-19 00:00:00.000000', '18', '5',
        'https://www.example.com/image638.jpg'),
       (47, '2010-03-19 00:00:00.000000', null, 51, '2005-02-21 00:00:00.000000', '1', '14',
        'https://www.example.com/image661.jpg'),
       (76, '2005-10-15 00:00:00.000000', null, 52, '2003-02-25 00:00:00.000000', '2', '9',
        'https://www.example.com/image23.jpg'),
       (10, '2010-02-22 00:00:00.000000', null, 53, '2006-01-26 00:00:00.000000', '10', '20',
        'https://www.example.com/image0.jpg'),
       (4, '2014-10-18 00:00:00.000000', null, 54, '2016-06-23 00:00:00.000000', '20', '3',
        'https://www.example.com/image028.jpg'),
       (66, '2002-01-24 00:00:00.000000', null, 55, '2013-04-10 00:00:00.000000', '3', '7',
        'https://www.example.com/image3.jpg'),
       (3, '2001-07-04 00:00:00.000000', null, 56, '2018-12-03 00:00:00.000000', '8', '7',
        'https://www.example.com/image871.jpg'),
       (78, '2003-04-26 00:00:00.000000', null, 57, '2020-09-13 00:00:00.000000', '11', '14',
        'https://www.example.com/image594.jpg'),
       (30, '2007-04-07 00:00:00.000000', null, 58, '2010-12-21 00:00:00.000000', '13', '8',
        'https://www.example.com/image783.jpg'),
       (71, '2013-03-06 00:00:00.000000', '2018-12-20 00:00:00.000000', 59, '2005-11-10 00:00:00.000000', '11', '17',
        'https://www.example.com/image76.jpg'),
       (85, '2016-09-01 00:00:00.000000', null, 60, '2007-11-13 00:00:00.000000', '14', '14',
        'https://www.example.com/image06.jpg'),
       (85, '2015-02-16 00:00:00.000000', null, 61, '2012-03-30 00:00:00.000000', '14', '17',
        'https://www.example.com/image7.jpg'),
       (34, '2010-04-29 00:00:00.000000', null, 62, '2020-10-28 00:00:00.000000', '11', '19',
        'https://www.example.com/image5.jpg'),
       (59, '2014-08-26 00:00:00.000000', null, 63, '2017-08-22 00:00:00.000000', '1', '12',
        'https://www.example.com/image809.jpg'),
       (11, '2016-10-05 00:00:00.000000', null, 64, '2010-11-30 00:00:00.000000', '18', '14',
        'https://www.example.com/image1.jpg'),
       (10, '2007-09-05 00:00:00.000000', null, 65, '2008-11-19 00:00:00.000000', '17', '10',
        'https://www.example.com/image533.jpg'),
       (12, '2011-05-06 00:00:00.000000', null, 66, '2019-11-19 00:00:00.000000', '15', '8',
        'https://www.example.com/image696.jpg'),
       (1, '2014-03-10 00:00:00.000000', null, 67, '2013-12-17 00:00:00.000000', '15', '7',
        'https://www.example.com/image85.jpg'),
       (24, '2002-04-02 00:00:00.000000', '2021-06-24 00:00:00.000000', 68, '2013-06-28 00:00:00.000000', '5', '12',
        'https://www.example.com/image70.jpg'),
       (81, '2003-06-25 00:00:00.000000', null, 69, '2010-02-21 00:00:00.000000', '20', '15',
        'https://www.example.com/image81.jpg'),
       (58, '2007-02-19 00:00:00.000000', null, 70, '2003-04-08 00:00:00.000000', '18', '16',
        'https://www.example.com/image0.jpg'),
       (45, '2020-12-19 00:00:00.000000', null, 71, '2019-02-10 00:00:00.000000', '12', '10',
        'https://www.example.com/image288.jpg'),
       (29, '2009-12-02 00:00:00.000000', null, 72, '2003-01-09 00:00:00.000000', '16', '10',
        'https://www.example.com/image49.jpg'),
       (4, '2017-11-17 00:00:00.000000', null, 73, '2017-12-01 00:00:00.000000', '8', '1',
        'https://www.example.com/image8.jpg'),
       (69, '2015-02-22 00:00:00.000000', null, 74, '2005-01-23 00:00:00.000000', '18', '15',
        'https://www.example.com/image931.jpg'),
       (6, '2004-04-24 00:00:00.000000', null, 75, '2004-06-18 00:00:00.000000', '14', '19',
        'https://www.example.com/image032.jpg'),
       (3, '2002-07-19 00:00:00.000000', null, 76, '2015-04-05 00:00:00.000000', '3', '7',
        'https://www.example.com/image910.jpg'),
       (35, '2010-11-19 00:00:00.000000', null, 77, '2007-01-07 00:00:00.000000', '20', '8',
        'https://www.example.com/image1.jpg'),
       (31, '2015-05-02 00:00:00.000000', '2006-12-30 00:00:00.000000', 78, '2007-09-24 00:00:00.000000', '10', '5',
        'https://www.example.com/image1.jpg'),
       (11, '2011-05-02 00:00:00.000000', null, 79, '2012-08-18 00:00:00.000000', '8', '12',
        'https://www.example.com/image6.jpg'),
       (7, '2010-04-28 00:00:00.000000', '2011-11-21 00:00:00.000000', 80, '2004-09-07 00:00:00.000000', '11', '20',
        'https://www.example.com/image15.jpg'),
       (34, '2006-09-21 00:00:00.000000', null, 81, '2012-11-22 00:00:00.000000', '7', '3',
        'https://www.example.com/image871.jpg'),
       (26, '2010-10-07 00:00:00.000000', null, 82, '2006-11-21 00:00:00.000000', '3', '3',
        'https://www.example.com/image88.jpg'),
       (3, '2001-10-17 00:00:00.000000', null, 83, '2005-08-11 00:00:00.000000', '12', '6',
        'https://www.example.com/image319.jpg'),
       (61, '2004-06-16 00:00:00.000000', null, 84, '2019-03-12 00:00:00.000000', '1', '18',
        'https://www.example.com/image1.jpg'),
       (83, '2008-04-05 00:00:00.000000', null, 85, '2003-07-30 00:00:00.000000', '6', '9',
        'https://www.example.com/image3.jpg'),
       (58, '2014-08-26 00:00:00.000000', null, 86, '2005-09-25 00:00:00.000000', '6', '19',
        'https://www.example.com/image5.jpg'),
       (26, '2011-05-20 00:00:00.000000', null, 87, '2004-03-09 00:00:00.000000', '1', '18',
        'https://www.example.com/image4.jpg'),
       (56, '2017-08-10 00:00:00.000000', null, 88, '2014-09-30 00:00:00.000000', '16', '1',
        'https://www.example.com/image5.jpg'),
       (48, '2006-06-16 00:00:00.000000', null, 89, '2015-10-25 00:00:00.000000', '9', '2',
        'https://www.example.com/image731.jpg'),
       (92, '2012-09-30 00:00:00.000000', null, 90, '2019-02-21 00:00:00.000000', '6', '20',
        'https://www.example.com/image5.jpg'),
       (49, '2005-09-27 00:00:00.000000', null, 91, '2008-08-17 00:00:00.000000', '9', '7',
        'https://www.example.com/image608.jpg'),
       (22, '2014-12-25 00:00:00.000000', null, 92, '2014-10-03 00:00:00.000000', '19', '8',
        'https://www.example.com/image835.jpg'),
       (65, '2006-11-02 00:00:00.000000', null, 93, '2008-03-26 00:00:00.000000', '6', '4',
        'https://www.example.com/image31.jpg'),
       (65, '2020-02-07 00:00:00.000000', null, 94, '2003-03-16 00:00:00.000000', '5', '10',
        'https://www.example.com/image362.jpg'),
       (78, '2012-08-20 00:00:00.000000', '2014-11-03 00:00:00.000000', 95, '2010-04-10 00:00:00.000000', '7', '10',
        'https://www.example.com/image85.jpg'),
       (86, '2018-12-17 00:00:00.000000', '2002-06-28 00:00:00.000000', 96, '2016-10-24 00:00:00.000000', '15', '2',
        'https://www.example.com/image58.jpg'),
       (88, '2005-08-13 00:00:00.000000', null, 97, '2007-02-05 00:00:00.000000', '9', '20',
        'https://www.example.com/image911.jpg'),
       (6, '2011-09-23 00:00:00.000000', null, 98, '2004-12-05 00:00:00.000000', '9', '13',
        'https://www.example.com/image0.jpg'),
       (59, '2012-04-17 00:00:00.000000', null, 99, '2003-04-18 00:00:00.000000', '10', '14',
        'https://www.example.com/image6.jpg'),
       (53, '2012-09-20 00:00:00.000000', null, 100, '2001-02-15 00:00:00.000000', '20', '12',
        'https://www.example.com/image45.jpg');

-- 챌린지 인증 댓글 (100개)
insert into auth_comment (auth_id, created_at, deleted_at, id, modified_at, user_id, created_by,
                          modified_by, content)
values (78, '2014-08-29 00:00:00.000000', null, 1, '2004-01-16 00:00:00.000000', 14, '1', '1', '댓글1'),
       (58, '2009-02-12 00:00:00.000000', null, 2, '2002-07-20 00:00:00.000000', 15, '1', '15', '댓글4'),
       (77, '2001-04-28 00:00:00.000000', null, 3, '2002-05-22 00:00:00.000000', 7, '14', '12', '댓글4'),
       (32, '2013-08-09 00:00:00.000000', null, 4, '2020-08-03 00:00:00.000000', 4, '4', '17', '댓글4'),
       (42, '2018-02-16 00:00:00.000000', '2017-08-25 00:00:00.000000', 5, '2004-10-04 00:00:00.000000', 2, '9', '6',
        '댓글1'),
       (96, '2012-06-17 00:00:00.000000', '2010-12-05 00:00:00.000000', 6, '2006-08-08 00:00:00.000000', 6, '8', '4',
        '댓글2'),
       (12, '2008-11-27 00:00:00.000000', null, 7, '2008-07-19 00:00:00.000000', 8, '2', '9', '댓글4'),
       (73, '2001-12-29 00:00:00.000000', null, 8, '2017-07-06 00:00:00.000000', 1, '8', '11', '댓글5'),
       (8, '2008-02-14 00:00:00.000000', null, 9, '2011-04-27 00:00:00.000000', 1, '19', '8', '댓글3'),
       (82, '2018-12-03 00:00:00.000000', null, 10, '2006-01-28 00:00:00.000000', 15, '4', '10', '댓글2'),
       (90, '2004-05-17 00:00:00.000000', null, 11, '2010-09-12 00:00:00.000000', 9, '18', '6', '댓글1'),
       (89, '2011-03-14 00:00:00.000000', null, 12, '2001-03-23 00:00:00.000000', 11, '2', '8', '댓글2'),
       (8, '2002-10-21 00:00:00.000000', null, 13, '2004-11-17 00:00:00.000000', 17, '11', '3', '댓글2'),
       (11, '2018-05-31 00:00:00.000000', null, 14, '2010-08-03 00:00:00.000000', 20, '6', '14', '댓글5'),
       (78, '2017-04-27 00:00:00.000000', null, 15, '2009-08-23 00:00:00.000000', 13, '13', '19', '댓글2'),
       (39, '2005-01-12 00:00:00.000000', '2019-11-27 00:00:00.000000', 16, '2001-03-08 00:00:00.000000', 16, '19', '7',
        '댓글1'),
       (50, '2018-10-30 00:00:00.000000', null, 17, '2019-11-17 00:00:00.000000', 18, '20', '10', '댓글4'),
       (20, '2002-09-27 00:00:00.000000', null, 18, '2009-08-04 00:00:00.000000', 1, '3', '12', '댓글2'),
       (5, '2003-11-28 00:00:00.000000', null, 19, '2004-06-24 00:00:00.000000', 18, '15', '14', '댓글3'),
       (15, '2017-09-21 00:00:00.000000', '2013-04-06 00:00:00.000000', 20, '2016-01-18 00:00:00.000000', 7, '4', '2',
        '댓글4'),
       (88, '2010-08-26 00:00:00.000000', null, 21, '2012-05-23 00:00:00.000000', 4, '5', '18', '댓글1'),
       (99, '2017-01-12 00:00:00.000000', null, 22, '2011-06-25 00:00:00.000000', 18, '19', '9', '댓글1'),
       (99, '2003-12-19 00:00:00.000000', null, 23, '2002-06-21 00:00:00.000000', 11, '19', '7', '댓글5'),
       (78, '2010-06-11 00:00:00.000000', null, 24, '2016-01-27 00:00:00.000000', 12, '19', '6', '댓글3'),
       (73, '2008-06-10 00:00:00.000000', null, 25, '2008-01-10 00:00:00.000000', 8, '6', '11', '댓글2'),
       (55, '2012-02-10 00:00:00.000000', null, 26, '2008-03-25 00:00:00.000000', 13, '19', '9', '댓글2'),
       (93, '2001-12-02 00:00:00.000000', null, 27, '2005-03-28 00:00:00.000000', 2, '10', '1', '댓글4'),
       (87, '2016-02-23 00:00:00.000000', null, 28, '2004-08-06 00:00:00.000000', 17, '2', '2', '댓글3'),
       (40, '2013-11-21 00:00:00.000000', null, 29, '2001-12-30 00:00:00.000000', 15, '4', '14', '댓글2'),
       (26, '2006-11-16 00:00:00.000000', null, 30, '2013-04-13 00:00:00.000000', 18, '19', '2', '댓글1'),
       (87, '2020-12-27 00:00:00.000000', null, 31, '2007-12-01 00:00:00.000000', 2, '19', '11', '댓글5'),
       (83, '2002-07-23 00:00:00.000000', null, 32, '2004-12-18 00:00:00.000000', 13, '5', '14', '댓글4'),
       (64, '2006-02-22 00:00:00.000000', null, 33, '2013-05-22 00:00:00.000000', 11, '11', '10', '댓글5'),
       (49, '2005-03-09 00:00:00.000000', null, 34, '2017-05-15 00:00:00.000000', 17, '14', '8', '댓글1'),
       (10, '2012-02-03 00:00:00.000000', null, 35, '2008-08-14 00:00:00.000000', 12, '15', '6', '댓글5'),
       (7, '2019-12-24 00:00:00.000000', null, 36, '2020-04-12 00:00:00.000000', 15, '12', '19', '댓글3'),
       (82, '2004-02-24 00:00:00.000000', null, 37, '2002-04-18 00:00:00.000000', 14, '8', '6', '댓글4'),
       (87, '2002-08-08 00:00:00.000000', null, 38, '2015-06-11 00:00:00.000000', 9, '6', '2', '댓글4'),
       (31, '2017-01-01 00:00:00.000000', '2006-01-12 00:00:00.000000', 39, '2005-01-29 00:00:00.000000', 1, '16', '6',
        '댓글5'),
       (85, '2011-09-14 00:00:00.000000', null, 40, '2001-06-11 00:00:00.000000', 13, '7', '9', '댓글1'),
       (43, '2008-08-11 00:00:00.000000', null, 41, '2017-08-14 00:00:00.000000', 7, '2', '5', '댓글2'),
       (31, '2010-05-18 00:00:00.000000', null, 42, '2004-10-20 00:00:00.000000', 5, '4', '15', '댓글4'),
       (25, '2017-02-16 00:00:00.000000', null, 43, '2011-09-03 00:00:00.000000', 4, '6', '15', '댓글1'),
       (3, '2006-04-14 00:00:00.000000', null, 44, '2007-01-29 00:00:00.000000', 18, '2', '5', '댓글1'),
       (47, '2005-09-20 00:00:00.000000', null, 45, '2007-06-14 00:00:00.000000', 19, '7', '3', '댓글1'),
       (40, '2007-09-23 00:00:00.000000', null, 46, '2002-10-08 00:00:00.000000', 15, '19', '8', '댓글3'),
       (85, '2018-08-15 00:00:00.000000', null, 47, '2013-06-23 00:00:00.000000', 3, '17', '10', '댓글4'),
       (78, '2008-05-09 00:00:00.000000', null, 48, '2017-12-15 00:00:00.000000', 20, '10', '11', '댓글2'),
       (39, '2013-04-02 00:00:00.000000', null, 49, '2018-03-07 00:00:00.000000', 16, '4', '18', '댓글1'),
       (3, '2005-01-13 00:00:00.000000', null, 50, '2002-05-05 00:00:00.000000', 17, '18', '6', '댓글3'),
       (53, '2007-09-01 00:00:00.000000', null, 51, '2012-10-24 00:00:00.000000', 1, '8', '5', '댓글4'),
       (75, '2007-10-06 00:00:00.000000', null, 52, '2001-10-22 00:00:00.000000', 4, '6', '12', '댓글3'),
       (84, '2013-07-27 00:00:00.000000', null, 53, '2007-11-21 00:00:00.000000', 9, '13', '2', '댓글3'),
       (29, '2008-12-14 00:00:00.000000', null, 54, '2009-09-08 00:00:00.000000', 17, '5', '4', '댓글4'),
       (41, '2012-09-03 00:00:00.000000', null, 55, '2001-12-20 00:00:00.000000', 9, '19', '11', '댓글4'),
       (9, '2009-01-05 00:00:00.000000', null, 56, '2017-03-17 00:00:00.000000', 17, '17', '2', '댓글3'),
       (82, '2017-12-30 00:00:00.000000', null, 57, '2008-07-26 00:00:00.000000', 17, '2', '5', '댓글1'),
       (80, '2015-05-02 00:00:00.000000', null, 58, '2012-04-16 00:00:00.000000', 9, '12', '3', '댓글1'),
       (45, '2018-08-01 00:00:00.000000', '2014-04-12 00:00:00.000000', 59, '2008-05-10 00:00:00.000000', 8, '16', '10',
        '댓글4'),
       (3, '2011-11-14 00:00:00.000000', null, 60, '2007-07-28 00:00:00.000000', 5, '14', '19', '댓글1'),
       (56, '2020-07-11 00:00:00.000000', null, 61, '2003-04-20 00:00:00.000000', 4, '8', '3', '댓글2'),
       (34, '2012-03-13 00:00:00.000000', null, 62, '2012-07-20 00:00:00.000000', 9, '14', '12', '댓글4'),
       (29, '2003-08-14 00:00:00.000000', null, 63, '2010-09-30 00:00:00.000000', 18, '10', '1', '댓글3'),
       (89, '2017-11-05 00:00:00.000000', null, 64, '2004-11-29 00:00:00.000000', 8, '1', '18', '댓글2'),
       (71, '2005-08-12 00:00:00.000000', null, 65, '2003-05-28 00:00:00.000000', 18, '17', '17', '댓글5'),
       (45, '2016-05-29 00:00:00.000000', null, 66, '2014-06-19 00:00:00.000000', 9, '10', '16', '댓글4'),
       (54, '2002-12-30 00:00:00.000000', null, 67, '2014-09-17 00:00:00.000000', 8, '10', '9', '댓글2'),
       (43, '2005-04-07 00:00:00.000000', null, 68, '2014-07-06 00:00:00.000000', 10, '17', '11', '댓글5'),
       (44, '2012-09-24 00:00:00.000000', null, 69, '2010-02-24 00:00:00.000000', 8, '5', '3', '댓글4'),
       (45, '2008-09-24 00:00:00.000000', null, 70, '2009-01-21 00:00:00.000000', 11, '17', '9', '댓글4'),
       (50, '2010-01-29 00:00:00.000000', null, 71, '2004-10-28 00:00:00.000000', 15, '9', '6', '댓글1'),
       (33, '2005-05-23 00:00:00.000000', null, 72, '2010-03-14 00:00:00.000000', 4, '17', '10', '댓글1'),
       (39, '2011-07-05 00:00:00.000000', null, 73, '2009-07-09 00:00:00.000000', 8, '13', '12', '댓글5'),
       (36, '2019-11-10 00:00:00.000000', null, 74, '2014-10-02 00:00:00.000000', 8, '15', '7', '댓글1'),
       (54, '2008-12-31 00:00:00.000000', null, 75, '2007-05-15 00:00:00.000000', 13, '1', '12', '댓글4'),
       (57, '2019-05-10 00:00:00.000000', null, 76, '2004-08-06 00:00:00.000000', 15, '16', '4', '댓글3'),
       (19, '2011-02-04 00:00:00.000000', null, 77, '2018-12-08 00:00:00.000000', 18, '11', '5', '댓글4'),
       (38, '2001-07-27 00:00:00.000000', null, 78, '2009-05-20 00:00:00.000000', 16, '1', '6', '댓글1'),
       (72, '2006-12-16 00:00:00.000000', null, 79, '2017-10-28 00:00:00.000000', 2, '12', '20', '댓글5'),
       (36, '2018-09-25 00:00:00.000000', null, 80, '2015-09-25 00:00:00.000000', 18, '5', '3', '댓글3'),
       (23, '2017-07-20 00:00:00.000000', null, 81, '2010-09-30 00:00:00.000000', 15, '9', '2', '댓글1'),
       (66, '2008-09-15 00:00:00.000000', null, 82, '2004-05-19 00:00:00.000000', 17, '5', '17', '댓글4'),
       (56, '2018-01-31 00:00:00.000000', null, 83, '2008-04-09 00:00:00.000000', 18, '11', '6', '댓글2'),
       (23, '2018-01-01 00:00:00.000000', null, 84, '2014-05-26 00:00:00.000000', 8, '15', '12', '댓글4'),
       (50, '2004-01-11 00:00:00.000000', null, 85, '2016-10-27 00:00:00.000000', 18, '14', '5', '댓글2'),
       (23, '2005-02-18 00:00:00.000000', null, 86, '2016-07-11 00:00:00.000000', 1, '19', '5', '댓글2'),
       (42, '2017-03-17 00:00:00.000000', null, 87, '2013-02-14 00:00:00.000000', 6, '9', '13', '댓글5'),
       (11, '2008-07-04 00:00:00.000000', null, 88, '2005-04-29 00:00:00.000000', 18, '16', '1', '댓글5'),
       (17, '2016-11-14 00:00:00.000000', null, 89, '2001-01-01 00:00:00.000000', 12, '4', '12', '댓글2'),
       (24, '2012-03-27 00:00:00.000000', null, 90, '2003-08-30 00:00:00.000000', 18, '7', '15', '댓글3'),
       (10, '2003-03-25 00:00:00.000000', null, 91, '2015-09-05 00:00:00.000000', 12, '10', '5', '댓글5'),
       (49, '2018-10-30 00:00:00.000000', null, 92, '2008-08-30 00:00:00.000000', 12, '2', '6', '댓글4'),
       (41, '2013-03-26 00:00:00.000000', null, 93, '2010-02-07 00:00:00.000000', 19, '17', '15', '댓글2'),
       (64, '2004-03-15 00:00:00.000000', null, 94, '2019-12-11 00:00:00.000000', 2, '7', '7', '댓글1'),
       (27, '2017-05-18 00:00:00.000000', null, 95, '2003-03-23 00:00:00.000000', 18, '16', '16', '댓글4'),
       (55, '2009-05-08 00:00:00.000000', null, 96, '2006-05-08 00:00:00.000000', 6, '3', '9', '댓글4'),
       (87, '2001-04-16 00:00:00.000000', null, 97, '2001-02-06 00:00:00.000000', 9, '11', '15', '댓글2'),
       (61, '2005-08-04 00:00:00.000000', null, 98, '2018-03-09 00:00:00.000000', 3, '1', '18', '댓글3'),
       (28, '2006-11-12 00:00:00.000000', null, 99, '2016-06-14 00:00:00.000000', 15, '3', '14', '댓글2'),
       (96, '2007-01-23 00:00:00.000000', null, 100, '2007-03-16 00:00:00.000000', 18, '20', '2', '댓글2');

-- 챌린지 인증 댓글 좋아요 (100개)
insert into auth_comment_like (auth_comment_id, created_at, deleted_at, id, modified_at, user_id,
                               created_by, modified_by)
values (94, '2015-11-11 00:00:00.000000', null, 1, '2013-11-07 00:00:00.000000', 8, '3', '13'),
       (31, '2016-03-28 00:00:00.000000', null, 2, '2014-11-28 00:00:00.000000', 20, '10', '6'),
       (93, '2018-07-27 00:00:00.000000', '2016-11-22 00:00:00.000000', 3, '2006-11-21 00:00:00.000000', 2, '12', '15'),
       (89, '2011-01-21 00:00:00.000000', null, 4, '2005-08-22 00:00:00.000000', 6, '8', '13'),
       (33, '2020-03-20 00:00:00.000000', null, 5, '2012-11-23 00:00:00.000000', 2, '9', '10'),
       (24, '2014-06-12 00:00:00.000000', null, 6, '2002-08-07 00:00:00.000000', 19, '16', '16'),
       (21, '2016-04-13 00:00:00.000000', null, 7, '2020-01-10 00:00:00.000000', 20, '20', '14'),
       (8, '2020-05-03 00:00:00.000000', null, 8, '2002-01-05 00:00:00.000000', 1, '3', '15'),
       (62, '2014-01-04 00:00:00.000000', null, 9, '2012-08-10 00:00:00.000000', 2, '15', '3'),
       (66, '2021-03-27 00:00:00.000000', null, 10, '2008-04-19 00:00:00.000000', 11, '10', '18'),
       (2, '2020-07-19 00:00:00.000000', null, 11, '2006-12-24 00:00:00.000000', 6, '13', '4'),
       (38, '2018-12-17 00:00:00.000000', null, 12, '2015-03-13 00:00:00.000000', 4, '19', '2'),
       (22, '2012-05-19 00:00:00.000000', null, 13, '2016-06-18 00:00:00.000000', 7, '7', '7'),
       (34, '2018-11-17 00:00:00.000000', '2004-03-31 00:00:00.000000', 14, '2002-03-09 00:00:00.000000', 6, '8', '4'),
       (73, '2016-12-18 00:00:00.000000', null, 15, '2019-07-02 00:00:00.000000', 16, '17', '16'),
       (74, '2020-07-02 00:00:00.000000', null, 16, '2001-05-31 00:00:00.000000', 15, '16', '1'),
       (43, '2020-09-02 00:00:00.000000', null, 17, '2020-06-13 00:00:00.000000', 11, '20', '19'),
       (83, '2011-02-20 00:00:00.000000', '2012-07-04 00:00:00.000000', 18, '2020-11-13 00:00:00.000000', 7, '15', '8'),
       (39, '2010-05-14 00:00:00.000000', null, 19, '2013-09-04 00:00:00.000000', 7, '10', '20'),
       (29, '2014-12-15 00:00:00.000000', null, 20, '2018-11-09 00:00:00.000000', 11, '1', '2'),
       (43, '2020-03-21 00:00:00.000000', null, 21, '2019-10-03 00:00:00.000000', 13, '7', '14'),
       (22, '2016-09-22 00:00:00.000000', null, 22, '2008-07-31 00:00:00.000000', 17, '7', '20'),
       (54, '2010-02-21 00:00:00.000000', null, 23, '2011-01-11 00:00:00.000000', 3, '7', '9'),
       (92, '2010-09-29 00:00:00.000000', null, 24, '2002-11-21 00:00:00.000000', 5, '9', '8'),
       (30, '2012-10-29 00:00:00.000000', null, 25, '2002-05-21 00:00:00.000000', 2, '14', '3'),
       (50, '2014-10-27 00:00:00.000000', null, 26, '2020-02-05 00:00:00.000000', 12, '6', '13'),
       (85, '2011-10-13 00:00:00.000000', null, 27, '2017-04-19 00:00:00.000000', 17, '17', '5'),
       (81, '2010-02-03 00:00:00.000000', null, 28, '2007-04-30 00:00:00.000000', 2, '10', '5'),
       (82, '2013-06-29 00:00:00.000000', '2002-05-30 00:00:00.000000', 29, '2008-09-02 00:00:00.000000', 14, '18',
        '9'),
       (78, '2016-01-01 00:00:00.000000', null, 30, '2002-07-18 00:00:00.000000', 12, '1', '15'),
       (84, '2021-06-08 00:00:00.000000', null, 31, '2015-05-30 00:00:00.000000', 12, '19', '7'),
       (46, '2010-03-06 00:00:00.000000', null, 32, '2003-02-28 00:00:00.000000', 3, '6', '4'),
       (20, '2019-07-14 00:00:00.000000', null, 33, '2011-02-07 00:00:00.000000', 4, '9', '18'),
       (49, '2012-04-01 00:00:00.000000', null, 34, '2013-03-28 00:00:00.000000', 18, '5', '3'),
       (10, '2021-12-01 00:00:00.000000', null, 35, '2011-06-11 00:00:00.000000', 17, '15', '15'),
       (43, '2013-07-14 00:00:00.000000', null, 36, '2003-12-08 00:00:00.000000', 14, '7', '2'),
       (76, '2018-05-27 00:00:00.000000', '2003-12-08 00:00:00.000000', 37, '2020-03-26 00:00:00.000000', 15, '13',
        '13'),
       (56, '2017-09-23 00:00:00.000000', null, 38, '2018-04-03 00:00:00.000000', 2, '14', '7'),
       (74, '2018-04-23 00:00:00.000000', null, 39, '2001-06-12 00:00:00.000000', 20, '15', '18'),
       (1, '2020-03-15 00:00:00.000000', null, 40, '2011-08-08 00:00:00.000000', 7, '8', '7'),
       (14, '2013-03-05 00:00:00.000000', null, 41, '2019-04-27 00:00:00.000000', 20, '7', '4'),
       (63, '2016-04-05 00:00:00.000000', null, 42, '2001-02-03 00:00:00.000000', 20, '12', '8'),
       (94, '2018-12-09 00:00:00.000000', null, 43, '2002-11-15 00:00:00.000000', 10, '4', '11'),
       (80, '2010-03-06 00:00:00.000000', null, 44, '2002-01-27 00:00:00.000000', 5, '8', '14'),
       (16, '2020-11-15 00:00:00.000000', null, 45, '2011-06-05 00:00:00.000000', 4, '2', '19'),
       (61, '2020-08-23 00:00:00.000000', '2019-06-28 00:00:00.000000', 46, '2017-12-09 00:00:00.000000', 14, '1',
        '18'),
       (49, '2015-01-17 00:00:00.000000', null, 47, '2004-01-13 00:00:00.000000', 5, '5', '1'),
       (70, '2016-06-16 00:00:00.000000', null, 48, '2018-11-03 00:00:00.000000', 11, '1', '2'),
       (68, '2016-12-04 00:00:00.000000', null, 49, '2010-01-26 00:00:00.000000', 9, '4', '14'),
       (22, '2014-09-26 00:00:00.000000', '2016-09-16 00:00:00.000000', 50, '2008-09-11 00:00:00.000000', 8, '9', '11'),
       (34, '2019-03-18 00:00:00.000000', '2008-05-02 00:00:00.000000', 51, '2001-08-08 00:00:00.000000', 12, '2',
        '17'),
       (63, '2014-06-11 00:00:00.000000', null, 52, '2004-04-16 00:00:00.000000', 3, '13', '2'),
       (100, '2015-01-29 00:00:00.000000', null, 53, '2010-03-27 00:00:00.000000', 4, '6', '8'),
       (66, '2010-03-23 00:00:00.000000', null, 54, '2016-03-01 00:00:00.000000', 11, '20', '12'),
       (29, '2017-12-13 00:00:00.000000', null, 55, '2007-07-26 00:00:00.000000', 8, '2', '10'),
       (54, '2013-06-12 00:00:00.000000', null, 56, '2007-11-09 00:00:00.000000', 3, '18', '18'),
       (6, '2013-12-23 00:00:00.000000', null, 57, '2006-06-21 00:00:00.000000', 15, '4', '12'),
       (36, '2016-04-06 00:00:00.000000', null, 58, '2014-05-06 00:00:00.000000', 17, '11', '17'),
       (11, '2017-09-12 00:00:00.000000', null, 59, '2003-06-26 00:00:00.000000', 16, '5', '4'),
       (20, '2013-05-28 00:00:00.000000', null, 60, '2008-07-05 00:00:00.000000', 12, '10', '17'),
       (27, '2019-09-10 00:00:00.000000', null, 61, '2006-12-20 00:00:00.000000', 6, '9', '19'),
       (68, '2012-11-22 00:00:00.000000', null, 62, '2020-08-04 00:00:00.000000', 14, '6', '8'),
       (60, '2016-09-16 00:00:00.000000', null, 63, '2014-09-01 00:00:00.000000', 4, '20', '4'),
       (85, '2018-06-01 00:00:00.000000', null, 64, '2015-07-25 00:00:00.000000', 15, '6', '7'),
       (31, '2015-07-24 00:00:00.000000', null, 65, '2012-05-08 00:00:00.000000', 9, '5', '16'),
       (32, '2019-04-18 00:00:00.000000', null, 66, '2012-06-15 00:00:00.000000', 7, '4', '13'),
       (96, '2015-09-06 00:00:00.000000', null, 67, '2007-05-04 00:00:00.000000', 15, '6', '11'),
       (60, '2017-03-01 00:00:00.000000', null, 68, '2016-06-15 00:00:00.000000', 6, '1', '1'),
       (86, '2010-11-05 00:00:00.000000', null, 69, '2011-05-26 00:00:00.000000', 20, '15', '5'),
       (21, '2010-07-19 00:00:00.000000', null, 70, '2009-04-28 00:00:00.000000', 1, '17', '18'),
       (42, '2015-01-18 00:00:00.000000', null, 71, '2003-04-26 00:00:00.000000', 15, '13', '11'),
       (16, '2011-04-09 00:00:00.000000', null, 72, '2008-09-02 00:00:00.000000', 4, '19', '18'),
       (75, '2021-05-09 00:00:00.000000', null, 73, '2016-07-13 00:00:00.000000', 18, '4', '16'),
       (63, '2014-01-25 00:00:00.000000', null, 74, '2007-03-12 00:00:00.000000', 20, '5', '19'),
       (67, '2017-07-21 00:00:00.000000', null, 75, '2015-05-14 00:00:00.000000', 7, '3', '5'),
       (78, '2020-03-09 00:00:00.000000', null, 76, '2020-03-27 00:00:00.000000', 15, '13', '16'),
       (56, '2013-12-31 00:00:00.000000', null, 77, '2006-11-13 00:00:00.000000', 14, '10', '20'),
       (15, '2017-07-22 00:00:00.000000', null, 78, '2016-03-22 00:00:00.000000', 8, '1', '6'),
       (71, '2010-12-27 00:00:00.000000', null, 79, '2015-08-31 00:00:00.000000', 9, '3', '13'),
       (47, '2013-11-08 00:00:00.000000', null, 80, '2005-07-17 00:00:00.000000', 6, '11', '20'),
       (10, '2013-01-23 00:00:00.000000', null, 81, '2012-01-12 00:00:00.000000', 11, '8', '18'),
       (31, '2019-09-08 00:00:00.000000', null, 82, '2016-08-12 00:00:00.000000', 10, '16', '3'),
       (87, '2017-07-04 00:00:00.000000', null, 83, '2007-11-07 00:00:00.000000', 3, '8', '7'),
       (98, '2011-08-22 00:00:00.000000', null, 84, '2002-02-23 00:00:00.000000', 5, '16', '7'),
       (47, '2019-07-01 00:00:00.000000', null, 85, '2012-03-08 00:00:00.000000', 13, '11', '18'),
       (57, '2019-09-06 00:00:00.000000', null, 86, '2015-03-30 00:00:00.000000', 15, '9', '5'),
       (33, '2013-09-15 00:00:00.000000', null, 87, '2013-09-05 00:00:00.000000', 14, '5', '4'),
       (79, '2015-07-29 00:00:00.000000', null, 88, '2007-12-15 00:00:00.000000', 20, '14', '19'),
       (10, '2012-07-19 00:00:00.000000', null, 89, '2003-08-30 00:00:00.000000', 15, '12', '19'),
       (83, '2010-02-23 00:00:00.000000', null, 90, '2019-02-26 00:00:00.000000', 11, '18', '5'),
       (43, '2012-03-30 00:00:00.000000', null, 91, '2016-03-14 00:00:00.000000', 2, '13', '17'),
       (77, '2011-04-19 00:00:00.000000', null, 92, '2007-11-01 00:00:00.000000', 16, '9', '19'),
       (8, '2011-11-02 00:00:00.000000', null, 93, '2008-01-02 00:00:00.000000', 8, '11', '14'),
       (32, '2013-05-07 00:00:00.000000', null, 94, '2015-03-21 00:00:00.000000', 7, '9', '8'),
       (1, '2014-04-20 00:00:00.000000', null, 95, '2012-07-14 00:00:00.000000', 17, '20', '3'),
       (67, '2016-12-22 00:00:00.000000', null, 96, '2019-10-04 00:00:00.000000', 7, '5', '15'),
       (77, '2013-10-24 00:00:00.000000', null, 97, '2013-12-22 00:00:00.000000', 16, '18', '13'),
       (59, '2011-12-29 00:00:00.000000', null, 98, '2019-10-06 00:00:00.000000', 16, '1', '9'),
       (10, '2020-06-26 00:00:00.000000', null, 99, '2012-03-12 00:00:00.000000', 3, '11', '15'),
       (47, '2012-05-04 00:00:00.000000', null, 100, '2007-01-22 00:00:00.000000', 11, '18', '10');



